special_title,title,subtitle,content,url,date,ban
习近平主持中共中央政治局常委会会议，听取“3·21”东航MU5735航空器飞行事故应急处置情况汇报 ,查明事故原因性质　积极回应社会关切,在全国全面开展安全生产专项大检查，最大限度　防范遏制各类事故发生,    >>>详见新民网www.xinmin.cn,https://paper.xinmin.cn/html/xmwb/2022-04-01/1.htm,2022-04-01,第1版:一版要闻
,上海昨新增358+4144,,    今天上午10时，上海市召开第140场新冠肺炎疫情防控新闻发布会（线上），上海市卫生健康委主任邬惊雷介绍疫情相关情况。    3月31日，上海新增358例新冠肺炎本土确诊病例和4144例本土无症状感染者。358例确诊病例中，8例在闭环隔离管控中发现，330例在相关风险人群核酸筛查中发现，20例为无症状感染者转归确诊病例。4144例无症状感染者中，3710例在闭环隔离管控中发现，434例在相关风险人群核酸筛查中发现。  本报记者  左妍,https://paper.xinmin.cn/html/xmwb/2022-04-01/2-3.htm,2022-04-01,第2/3版:上海新闻
,今晨上海的动与静,直击疫情封控下城市中的忙碌身影,    今天凌晨3时，随着外滩海关大楼的3声钟声敲响，浦西区域封控开始。凌晨的上海寂静无声。在这春寒料峭的肃静背后，却活跃着一批城市守护者，他们悄无声息地忙碌着。本报记者探访封控中的浦西区域，用镜头直击“一动一静”的上海。    延安路高架上，刚运送完江苏省援沪医疗队的大巴在夜色中疾驰；延安路高架下，静安公安分局民警正在辖区主干道设置交通管控提醒标识；西康路上的美团前置仓站点，快递小哥快马加鞭整理需要配送的蔬菜食品；静安区中心医院门口，120救护车送来第一时间需要救治的急诊患者……在疫情阻击战中，太多人挺身而出，奋战一线。    寂静的夜中，还有无数忙碌的身影。    为保障新一轮核酸筛查工作有序开展，静安公安分局闻令即动，连夜动员部署，24支静安公安青年突击队尽锐出战，主动开展街面巡控、社区筛查、救助服务、反诈宣传、隐患排查等工作。    美团买菜提前在货源、骑手、分拣等环节进行了工作人员调配，全力保证市民食品供应。除了满足市民日常购物需求以外，美团买菜还尽力为社区居民、抗疫一线人员提供物资支持。目前，美团买菜商品库存加倍，增加了配送车辆和配送频次，库存保持充足且稳定。    南京西路上的华业小区与波特曼丽思卡尔顿酒店隔路相对，一个是保护建筑小区，一个是星级酒店。在这里，南京西路街道工作人员清晨6时就到岗，开始布置核酸检测点，设置等待区域，分配志愿者工作......一切准备工作提前就绪，只为了让居民能够更加安全便捷地接受核酸检测。    这是静态管理之下的上海，一个个繁忙的瞬间格外动人。    本报记者  孙中钦  陈炅玮  摄影报道,https://paper.xinmin.cn/html/xmwb/2022-04-01/4-5.htm,2022-04-01,第4/5版:新民印象/目击
,送菜供餐帮配药  为老服务松不得,,    上海是中国最早进入老龄化且老龄化程度最高的城市。数据显示，截至2020年底，上海的户籍人口中，60岁及以上老年人口达533.5万人，占户籍总人口的36.1%。    申城抗疫正处于最吃劲的关键时刻，封闭管理、核酸筛查、抗原检测……经历了这些天的疫情封控，“银发族”“老宝贝”们可还安好？他们的就餐就医需求与生活物资谁来保障？上海各街镇社区，助老慰老在行动。    自助助人    抗原检测高效率    黄浦大楼，地处黄浦区南京东路街道长江居委辖区，大楼住户多数都是老人家。3月26日，南京东路街道发布公告，即日起辖区居民实施一次抗原检测。闻令而动，黄浦大楼里的一群老宝贝忙活起来了。    “这种时候，居委会忙不过来。我们自发组织志愿者，帮助老邻居们完成抗原检测吧！”楼组里，退休老干部、抗原检测志愿者发起人刘美琳发出倡议，非常时期，老人家们也要积极行动起来，自助助人！    然后，刘美琳第一时间联系长江居民区党总支书记徐晓云，她说，黄浦大楼抗原检测就请交给楼里志愿者吧，保证高效、快速、高质量完成任务！    20分钟后，一支20人抗原检测志愿者小分队集结完毕，分成5组，每组负责4至5层。分工完毕，大家都忙碌起来，挨家挨户上门发放试剂盒，耐心告诉老邻居们试剂使用办法。“晓得，晓得，谢谢侬！”楼里的一对老夫妻很配合、很感谢、很安心。    只花了1个半小时，从集结到完成所有人家检测结果统计。非常时期，一群老宝贝志愿者的发动力、组织力、执行力顶呱呱！原来，老宝贝们平时就热心志愿服务，训练有素。这已经不是刘美琳老人家第一次担任社区防疫志愿者了，此轮抗疫以来，她和一群老宝贝积极参与社区服务，帮助社区居民做了不少事。    “尽管我们退休了，但是有任务、有困难的时候，我们一定第一时间支持配合，为大家服务。非常时期，我们老同志把抗原检测工作当作分内事，有决心跟大家一起取得最后的胜利！”蒋一鸿老人家说出了老宝贝们的抗疫心声。    本报记者  姚丽萍    缓解焦虑    “老伙伴”们来帮忙    疫情使一些老年人，特别是独居和有困难的老人往往焦虑不安、措手不及。记者从虹口区了解到，该区2780名“老伙伴”志愿者克服自身困难，疫情期间竭尽全力，帮助独居和有困难的老人解决实际困难。他们陪同防疫工作人员上门检测核酸，或帮助老年人下楼采集；为独居老人配送蔬菜，保障基本生活需求；无法陪伴老人的志愿者，通过电话做心理疏导，缓解老年人的焦虑情绪。    疫情发生后，虹口区嘉兴路街道全面协调安排辖区内老年人服务保障工作，重点做好封控管理小区楼栋内老年人居家服务，以电话形式迅速排查80余位享受居家养护服务老人情况，确保不漏一人。重点了解独居、高龄老人等健康情况。主动询问老年人各类需求，包括看病配药、生活物资、送餐服务、消毒保洁等，依托养老顾问、居家服务员和社区志愿者及时上门对接落实。    “服务员每天一个电话来关心，志愿者也会来问我缺什么……”嘉兴路街道封控小区内的独居老人庄阿婆在接受记者电话采访时说，小区被隔离封控后，生活并未受到太大影响。虽然无法上门，“老伙伴”志愿者每天通过手机询问她的身体状况，及时配送生活物资，缓解因封控带来的生活不便。    四川北路街道虬江小区中有两幢六层老式公房，以老年人居多，有的老年人甚至没有手机。小区封闭管理、开展两轮核酸检测前，居民区“老伙伴”志愿者、养老管家王忆萍及居委干部们一家家上门，帮助老年人提前在健康云登记，提前准备好“登记二维码”。没有手机的老年人，将其登记二维码录入在王忆萍手机中。高龄老人及行动不便的老人，由王忆萍陪同医生一起上门作核酸检测采样。    本报特约通讯员  龙钢  记者  袁玮    “宝宝阿姨”    送菜上门抚人心    3月28日起，徐汇区天平街道太原居民区，熟悉家家户户情况的“宝怡乐”团队志愿者们行动起来，团队负责人“宝宝阿姨”孙鸿银早早起床，骑上助动车，在永嘉路、五原路的菜店超市里采购蔬菜、鸡蛋，惦记着给社区里的孤老、独居老人和残疾人家庭送上门。    青菜、萝卜、土豆、鸡蛋、白玉菇……一早新鲜采买来的这些家常小菜和主副食品被志愿者们分装，一个上午，孙鸿银和团队8位志愿者挨家挨户，将38份爱心菜送到买菜有困难的社区老人手中。    家住岳阳路77弄4楼的张奶奶已是耄耋之年，爱人卧病在床，夫妇俩正为买菜的事犯愁，孙鸿银就把一袋子沉甸甸的蔬菜送上了门，“绿叶菜趁新鲜尽快吃，萝卜土豆西葫芦放得起，慢慢搭配着烧。”对社区里一有需要就会出现的“宝宝阿姨”，老人感激不尽，“她不是一天做雷锋，疫情之前就特别关心我们这些老人，现在更忙了！为居委分忧，为老人分忧，太不容易了！”    记者了解到，3月19日，“宝怡乐”志愿者团队就为社区里的35位孤老送上了丰富的蔬菜食品，为老人们解决燃眉之急。3月19日早上，超市按照孙鸿银的订购要求，将一筐筐蔬菜物资送到了徐汇区永嘉路492号嘉园内。作为“宝怡乐”志愿者团队的负责人，孙鸿银前一天下午就已经联系下单，买来青菜、鸡蛋、面条、豆腐、馒头等食品。团队成员们一起帮忙分拣打包，跟着孙鸿银挨家挨户送上门，并叮嘱老人们不要出门，有需要帮助的话可以随时联系。本报记者  袁玮    四处跑腿    老面孔有新担当    “这个药55.5元，挂号费6元，一共61.5元，您给我400元，找您338.5元，都给您写在信封上了，您看看，药品和钱都数清楚。”又完成了一单“跑腿”。近期，湖南街道的杨璐尔一直住在淮海居委，社区卫生服务中心、药店……老同志的药哪里能配到，她就去哪里。像她这样的老干部工作者变身快递员、守护者，继续为社区老同志提供服务。    日晖六村的独居老同志周老反映，因小区被封，长护险无法上门服务，冰箱有菜，但自己没办法烧。斜土街道老干部工作者沈弘马上联系街道和居委。居委一发布“任务”，周老楼栋的楼组长夫妇即刻“接单”，与周老结对，不仅解决了做饭问题，在核酸检测时也有了固定的陪护。    田林八九十居委是老龄化较为严重的居委，居民区分支部书记陈佩玲早早披上了醒目的“乐龄申城”志愿者马甲，在五次核酸中为将近400余位老人解决了核酸登记码申领问题，也为医务人员争取了更多时间。她还为30余位社区老同志配药，以党员的实际行动带领身边党员一起参与到社区防控工作中。    在新苑五六七小区，郭老和他的配偶、子女被封控在3处，孙万新主动承担了郭老的配药任务，到田林社区卫生服务中心，配到保心丸等9种药品，为郭老解除了缺药少药的后顾之忧。还买来水饺、盒饭、羌饼等送到郭老家中，让郭老一人在家，也能衣食无忧。    白天在小区做志愿者，一有空就给封控楼道居住的老同志打电话嘘寒问暖；每一次核酸检测现场都有他们的身影，核对人数、搀扶体弱老人、关心志愿者防护；有不理解的老人发牢骚，他们又主动承担起心理疏导的工作，帮助大家安心宅家战疫。  本报记者  解敏    广开渠道    老年食堂保供应    葱油鸭块、回锅肉、两个时令蔬菜，热气腾腾香喷喷。3月29日，临近中午，家住阳城路的张阿姨取过静安区彭浦镇老年食堂送餐志愿者送上门的10元午餐，笑着说：“这段时间市场上菜价在涨，你们食堂的菜却没涨价，感谢你们啊！”    “多渠道引进食材，货比三家，挑质量保证、价格最合适的买，确保老人不会因为疫情多支出吃饭的钱。”负责运营彭浦镇老年食堂的镇社会公益组织浦善公益服务中心主任张陆妹告诉记者，最近市场上不仅蔬菜货源紧张，价格波动也大。面对较大困难，张陆妹还是一家一家地和供应商协商，寻找相对便宜的货源进菜。    3月26日晚，经张陆妹多方沟通，沪郊某蔬菜基地答应送一车平价菜过来，张陆妹怕有变故，一直等在食堂里，不断打电话给对方抓落实。从当晚七八时一直等到次日4时多，才等来了这车平价菜，通宵没好好休息。    彭浦镇政府很关心老人们的吃饭问题，这几天也给老年食堂送来了蔬菜等，还有爱心单位向食堂捐赠了蔬菜。彭浦镇老年食堂每天要给全镇600多位老人送餐，近期，永和家园等诸多小区，先后接受封闭隔离或闭环核酸筛查，不少老人对能不能按时吃到午餐感到担忧。“小区再封闭，老人吃饭也不能耽误。”浦善公益服务中心与相关居委会、社区志愿者紧密联系，高效联动，第一时间开辟了送餐“绿色通道”，保障供餐服务。    浦善公益有一支特别能战斗的“红马甲”志愿者队伍，大多是已退休的老年人，每位志愿者一上午要给数十位老人送餐。负责阳城美景小区送餐的张建国，担心小区突然被封，有位残疾老人不能下楼拿取放在楼下物架上的饭盒，马上联系小区保安和居委会负责人，报告了这位老人的困难情况：“请帮忙尽快把饭送到老人家中。”很快，居委会便为他落实了志愿者。    本报记者  江跃中  通讯员  严莺    一呼百应    “年轻人”变“蓝精灵”    长宁区新华路街道左家宅居民区的一幢封控楼栋里，70岁以上的老年居民占50%以上。该楼栋封控之后，同小区的十几位“年轻人”主动站了出来，为高龄老人提供志愿服务。    “明天小区进行核酸检测，需要小区志愿者……”业主群里，居委干部邵巍刚发出志愿者招募信息，60多岁的小区业委会亓主任就马上响应：“我报名，我是党员我带头！”陆陆续续，有不少居民找到居委会，主动申请当志愿者。“当天晚上，就招募了十几位。平时社区事务都是老年人参与得比较多，没有想到这次志愿者再也不是老年人了，而是清一色的‘壮丁’们。”亓主任笑着说。亓主任所说的“壮丁”也大都是四五十岁的中年人了，而在这个70岁以上高龄老人过半的小区里，他们算得上是“年轻人”。    包梦尘是这群“年轻人”中的一员。40多岁的他经营着自己的公司，平时业务繁忙，参与社区活动相对较少。疫情反复，包梦尘开始居家办公，邻居们的日常关心，让他觉得格外暖心。此次楼栋被封控后，他主动报名当志愿者，联系社区团购，为老人们买菜、送药。他还会每天贴心地统计老人们想要吃什么，尽量满足老人们的需求。    此外，“楼组长”志愿者叶爱莉不辞辛劳地一次次上门排摸，医务工作者万夷白天坐诊晚上投入到小区志愿者队伍中……这些“年轻人”的付出被老人们看在眼里，记在心里。高龄老人们给穿着蓝色隔离服的志愿者们取了一个可爱的名字“蓝精灵”。“前两天我们做核酸，在现场维护秩序时，有位七十多岁的阿姨给我们带来了她自己做的盒饭，特别香！”说起志愿服务时的点点滴滴，志愿者刘诤十分感慨，“不仅是我们帮助老人，他们其实也在感动着我们。大家一起守望相助，也是我人生中感受到无比温暖的一次回忆”。    本报通讯员  甘力心  记者  屠瑜    “爱心名册”    分出五色关爱圈    “这些天阿姨你要做好防护，好好待在家里。”民警范晓斌为独居老人武阿姨送上热腾腾的饭菜时，再次叮嘱了几句。上海启动新一轮切块式、网格化核酸筛查后，金山公安分局象州路派出所管辖的区域遇上了难题。这里有60岁以上老人2万余人，占总人数52%以上，高龄独居老人更是有1800余名。    对于老龄化严重的居民小区，派出所决定派出民警进驻，与社区工作者一起落实各项应急保障和民生保障措施，解决空巢老人就餐难、就医难、求助难等问题。    3月28日小区封控后，民警范晓斌第一时间想到了小区内的独居老人。他们不会用智能手机网上买菜，平时都是家属几天送一次菜。范晓斌马上联系居委会，根据街道“爱心点名册”，将小区老年人口按照孤老、独居、高龄等分为“金色孤老、银色独居、蓝色纯老、绿色高龄、橙色特殊”五色关爱圈，登记造册，形成“一人一表”，尤其是对30多名需要特殊关注的老人进行统一管理，承担起为他们送饭送物资的任务，确保在管控期间保障他们的基本生活。    “范警官，我的脚受伤动不了了，流了好多血，怎么办？”3月28日，接到石化四村居民施老伯紧急求助，范晓斌赶到现场。原来施老伯整理东西时不慎弄伤了脚踝，血流不止，独居又遇上小区封控，一时慌了神。老范立即与居委会和社区医院对接，几方协商后，决定由社区医院派人上门医治。求助得到解决，施老伯悬着的心终于放下了，握住老范的手连声道谢。    3月28日上午，石化九村小区居民纷纷响应号召，前往核酸检测点。社区民警裘骁担心小区内腿脚不便的独居老人郭老伯参与核酸检测比较困难，马上赶到老人家中。郭老伯正在发愁，听说裘骁会全程护送后放下心来。裘骁先帮老伯在手机上做好登记截图，然后推着轮椅前往检测点，完成采样后又将老人护送回家。仅一上午，裘骁就先后护送腿脚不便的老人参与核酸检测十余次。    本报记者  潘高峰  特约通讯员  忻文轲    邻里情深    爱心大厨帮帮帮    小区进入封闭管理，独居老人和纯老家庭的物资采买、吃饭问题该如何解决？在嘉定区安亭镇某小区，一群邻居的热心帮忙，让这些问题迎刃而解。    “今天我给蒋师傅家做这些菜，大家看看怎么样？”在一个名为“爱心大厨帮帮帮”的微信群中，居民金利华晒出自己刚做好的营养午餐，准备送给同楼的独居老人蒋伯伯。居民江佳玮也在群里晒出了现包的饺子，准备送到纯老家庭周伯伯和胡阿姨家。    原来，81岁的蒋伯伯和85岁的周伯伯、胡阿姨夫妇是小区内仅有的独居老人和纯老家庭。得知老人的日常采买遇到困难，在严格的两天居家管控结束后，10名热心居民建起一个微信群，专门协调3位老人的吃饭问题。    吃过爱心午餐的蒋伯伯感动地告诉记者：“原本感觉处境会挺难的，但现在我觉得特别温暖，日后要去谢谢他们！”    大家在为居民善举点赞的同时，也被另一个感人的故事温暖着。原来，周伯伯、胡阿姨夫妇平日里积极参加社区垃圾分类值班、日防队等志愿服务，还双双签约了红十字会遗体捐赠。“两位老人的精神很伟大，能为他们包饺子，也是我的荣幸。”居民江佳玮说。社区党支部书记范丹表示：“这些热心居民助老扶老，不仅帮社区分担了很多压力，同时为小区的其他居民做了表率。”    本报记者  杨洁  通讯员  刘一剑,https://paper.xinmin.cn/html/xmwb/2022-04-01/6-7.htm,2022-04-01,第6/7版:上海新闻
十多天没回家，每天工作超过十二小时,“揽事民警”跨江配药,,    首席记者  潘高峰    “实在是太感谢了，你帮了我们大忙，还要你垫钱。我们实在不好意思。”这是家住东方路临沂大楼的董阿姨第三次向林为彬道谢。但她塞过去的钱，还是被推了回来。    林为彬是浦东新区公安分局南码头路派出所的一名社区民警。疫情发生以来，一直奋战在抗疫一线。到昨天为止，他已经十多天没有回家。    3月30日，在核酸检测点维护秩序的林为彬碰到了董阿姨一家。“当时她看上去特别焦虑，特别无助，和丈夫葛先生一直在焦急地说着什么。我觉得肯定出了什么事，就上去询问。”看到林为彬，63岁的董阿姨喜出望外。“林警官，我们家孩子药断了半个多月了，我看他有点不对，真是急死了。”林为彬心里咯噔一下。看了看排在董阿姨身后的小葛，发现他的眼神举止，的确有些狂躁。    小葛是一名在册精神病人。每个月，父母都要带他到浦西宛平南路600号上海市精神卫生中心看病配药，病情一直控制得很好。但这次疫情以来，因为连续被封控在家，药已经吃完很久。随着浦东浦西推进新一轮网格化核酸筛查，两岸交通中断，配药更成了难题。董阿姨和丈夫为此十分发愁。    “你们先做核酸，回头医保卡给我，我来想办法。”林为彬一面安慰，一面马上向派出所汇报。征得分局同意后，他决定跑一趟浦西，帮小葛配药。    林为彬没有马上出发，他又找到自己管辖的其他几个居委，询问了精神病人的用药问题，结果发现还有两位出现断药的情况，他也上门把医保卡讨了过来。    为了不耽误参与核酸检测工作，当天中午，林为彬没有吃中饭，就驱车赶往宛平南路。在市商委一位志愿者的帮助下，他与院方取得了联系。董阿姨给的钱不够，他还自掏腰包，垫了钱帮小葛配好药。但另两位病人此前并不是在上海市精神卫生中心看病，按规定无法开药。林为彬又风驰电掣赶了回来，打听到他们平时都是在浦东源东精神卫生中心看病，又匆匆驾车赶过去，配完药，一一送上门。    事情得到解决，林为彬松了一口气。董阿姨一家感激万分，发现林为彬还帮忙垫了配药钱，先后三次找到林为彬，想把钱还给他，这才出现了文章开头的一幕。    “对于社区民警来説，管好精神病人也是分内事。”林为彬告诉记者，疫情之下，发生了很多平时根本想不到的事情。“大家都很难，多帮一点，就能多赢得一点理解和支持。”    “很难”的其实还有林为彬自己。3月22日，正在核酸检测点维持秩序的他，突然接到通知，自家小区发现确诊病例，即将封闭管理。所领导知道林为彬妻子是浦南医院的医生，孩子今年又高三，没有下死命令，让他自己决定是回家还是留守一线。    当时，林为彬给妻子打了个电话。妻子正在值班，一直没有接听。犹豫再三，他决定还是上一线。“谁都不容易，能做还是多做一点。”他匆匆赶回家，拿了两套换洗的衣服，和儿子交代了几句，就赶回派出所。从那时起，他一直睡在派出所，再也没回过家。    3月30日下午，忙完小区核酸检测的林为彬正准备回派出所，突然发现之前在小区做核酸检测工作的3位医护工作者，正在马路上狂奔，追一辆垃圾车，跑了几步没追上，无功而返。他连忙上去，问有什么事可以帮忙。    原来，三位都是东方医院的护士，当天早上穿“大白”做核酸前，她们把换下来的衣服和3台医用PDA放在了一个袋子里。没想到，收医废垃圾的清洁工没注意，当成了垃圾袋给收走了。3台PDA里面有扫码的数据，而且价值不菲，把三位护士急坏了。    林为彬决定帮忙。他打听到附近的医废垃圾都是运送到浦山路高科西路的专门处置点处置，马上开车带着护士们赶了过去。到了现场，大家不由得倒抽了一口凉气：一个个垃圾袋堆得像小山一样，这要找到什么时候？    林为彬一边安慰大家，一边找到工作人员，问清哪些是最新的垃圾，然后带着护士们一个垃圾袋一个垃圾袋翻找。翻了30多个垃圾袋，一无所获。此时，又有新的一车垃圾运到，林为彬仔细询问了司机，发现失物在这辆车上的可能性很大。果然，又翻了十多个垃圾袋后，护士们的衣服和丢失的PDA就在其中！消杀以后，林为彬又把护士们送回医院，这才能空下来吃点东西。    “这样的事，其实每天都会有很多，帮病人配药，送老人做血透，给居民买菜送菜……”林为彬告诉记者，这些天，他每天5时起床，把同事们一一送到点位后，自己再回到管辖的社区上岗，每天工作超过12个小时，连续奋战，说不累是假的。    “但谁不累呢？我看到的社区工作者、医生护士，没有一个不是在拼。”林为彬说，自己是一名老兵，退伍后转业当了社区民警。“昨天回到所里，以茶代酒，为几位刚刚解除隔离的战友视频云庆祝，大家都给我鼓劲，说我是好样的。”,https://paper.xinmin.cn/html/xmwb/2022-04-01/8.htm,2022-04-01,第8版:上海新闻
,特早产双胞胎  嗷嗷待哺  获特批送母乳  奶爸安心,,"    求助    我的妻子今年2月生下一对双胞胎。但因为是25周极早产儿，一直在上海市第一妇婴保健院东院救治，每天我都要给孩子送去母乳。上海启动新一轮核酸筛查后，要求“足不出户”，我这个“超级奶爸”几乎寸步难行。没法送奶，我的两个小宝宝可怎么办？！    浦东新区南林路658弄银杏苑  张先生    帮忙>>>    “已经40多天了,我的两个宝宝还住在一妇婴东院，每天嗷嗷待哺，都在等我送去母乳！”电话那头，传来的是张先生满满的焦虑。他告诉记者，为了能在疫情下安全“送奶”，他按照医院要求，每天必做核酸。“说实话，这么多天，我生怕被封控，每天夜里都不敢回家睡觉，窝在自己车里，闭环熬过了一个个晚上。”张先生说，想到孩子，自己什么苦都能吃。但现在碰到的事，让他实在无能为力，新一轮核酸筛查启动后，我出不了门、车子更上不了路，“要是耽误了孩子，那可真是天大的事！”    接到求助后，记者与东明路街道取得了联系，工作人员表示，已经接到了张先生的申请，将尽快核实、提速办理，联系居委会在严格执行疫情防控要求的前提下，特事特办，给出“人性化”的解决方案。    3月30日晚上，张先生给记者打来电话，欣喜之情溢于言表，“街道开启‘绿色通道’，给我开了出入证明，我这个‘奶爸’又可以送奶了！我替我的孩子们谢谢所有人了。”本报记者  杨硕",https://paper.xinmin.cn/html/xmwb/2022-04-01/9.htm,2022-04-01,第9版:战疫/帮侬忙
闭环防疫措施环环相扣  紧急手术挽救同胞眼睛,超过万里的“光明接力”,,    昨晚，复旦大学附属眼耳鼻喉科医院紧急启动疫情防控下的应急机制，为一位从非洲刚果（布）辗转万里回国求医的视网膜脱离患者实施了眼部手术，帮助患者恢复光明。    这位38岁的患者是在刚果（布）渔业公司工作的中国船员，一个多月前在码头卸货时左眼被打包带弹伤，随即出现左眼不适。患者在刚果（布）首都布拉柴维尔的中刚友好医院诊断为左眼孔源性视网膜脱离，因当地医疗条件有限，院方建议尽快回国手术治疗。    由于新冠疫情原因，根据国际航班的隔离要求，这位患者在刚果（布）先接受了21天隔离，转机至埃塞俄比亚亚的斯亚贝巴再接受8天隔离。最终，患者在中国驻当地外交机构的帮助下登上了回国航班。    按照国内疫情管控的要求，境外归国人员仍需入境后继续隔离。隔离期间，患者症状逐渐加重，开始出现明显视力下降及视物变形。让他心焦的是，隔离期间，上海疫情加重了。但令患者没想到的是，自己在社交平台上发布就医需求后，嘉定卫健委第一时间给予回应，并经市卫健委协调，安排由复旦大学附属眼耳鼻喉科医院予以收治。    疫情严峻的时刻，一手要抓防疫，要遵守国家关于回国人员的隔离原则，一手要及时有效地保障患者的医疗需求。3月31日，这名患者经120闭环送到眼耳鼻喉科医院急诊。    眼耳鼻喉科医院根据院内应急预案高效协作。急诊科为患者进行紧急核酸采样后，快速将患者转送至急诊隔离房间，并安排防疫到位的眼科检查。    该院眼底病专家姜春晖发现，患者的周边视网膜存在裂孔及变性区，视网膜脱离已危及黄斑区。很显然，患者重要的中心视力已遭受严重的损伤，需要马上展开救治。    与患者充分沟通后，根据疫情二级防控要求，医院即刻做好防疫措施。姜春晖主任团队于当天紧急在负压手术室，为患者进行视网膜复位术，手术顺利完成。今天早晨，通过术后第一天复查，发现患者视网膜裂孔封闭良好，视网膜已经平复，患者感谢医院的应急救治。    眼耳鼻喉科医院院长周行涛表示，为了挽救这位回到祖国求医的患者视力，医院上下齐心协力、紧急响应，精准、高效、妥善做好疫情防控下的手术救治。    本报记者  左妍,https://paper.xinmin.cn/html/xmwb/2022-04-01/10.htm,2022-04-01,第10版:上海新闻
,第三次阿富汗邻国外长会在华举行,美俄代表出席“中美俄+”磋商机制会议,    这两天，安徽黄山屯溪吸引了世界目光。在这个风景秀美、历史悠久的地方，第三次阿富汗邻国外长会迎来了多位重量级海外宾客。    会上，各方来宾围绕阿富汗局势向稳、帮助支持阿富汗人民等议题，充分交换看法、协调立场。    3月31日，国家主席习近平向本次会议发表书面致辞。他强调，阿富汗邻国要各尽所能，凝聚共识，协调配合，支持阿富汗人民开创美好未来。    分析人士认为，本次会议凸显了中国作为负责任大国在阿富汗问题上发挥积极作用的外交形象，以及勇于承担国际责任的精神。    帮助阿富汗走出困境    3月31日，国务委员兼外长王毅在安徽屯溪主持召开第三次阿富汗邻国外长会。土库曼斯坦副总理兼外长梅列多夫、乌兹别克斯坦副总理兼投资和外贸部长乌穆尔扎科夫、俄罗斯外长拉夫罗夫、巴基斯坦外长库雷希、伊朗外长阿卜杜拉希扬、塔吉克斯坦司法部长阿舒里约恩出席。    会议发表了《第三次阿富汗邻国外长会联合声明》和《阿富汗邻国关于支持阿富汗经济重建及务实合作的屯溪倡议》。会议宣布启动阿富汗特使定期会晤机制，建立政治外交、经济人道、安全稳定三个工作组。乌兹别克斯坦将主办第四次外长会。    当前，阿富汗正处于由乱及治的关键时期。作为阿富汗邻国和联合国安理会常任理事国，中国为阿富汗和平共建发挥了力所能及的作用。过去一年里，中国最高领导人出席了上合组织和集安组织成员国领导人阿富汗问题联合峰会，中方还先后两次参加阿富汗邻国外长会，并与阿临时政府负责人在中国天津、卡塔尔多哈会面。    在上海国际问题研究院副研究员金良祥看来，这次外长会正是中国在阿富汗问题上发挥负责任大国作用延续性的体现。他指出，阿富汗问题不仅涉及阿富汗自身，背后还有多方力量的互动，本次外长会将在统一邻国意见，促进阿富汗问题解决上发挥作用。    上海国际问题研究院研究员、中国中东学会副会长李伟建认为，这次会议不仅秉持了中国在阿富汗问题上的一贯立场，还体现了中国在俄乌冲突持续的背景下，没有被美国的“拱火”带节奏，“依然按照自己的步调和主张，主动关心和帮助其他面临人道主义危机的国家”。李伟建强调，中国作为东道主举办这次会议，希望可以鼓励各邻国通过人道主义援助，一起帮助阿富汗走出眼下困境。    体现多层次和立体性    佩戴口罩，以碰肘为礼。3月30日，王毅与俄罗斯外长拉夫罗夫会面的这一幕，给人们留下了深刻印象。    金良祥指出，拉夫罗夫的现身引人注目，“这不仅体现了俄方对本次会议的重视，背后也有俄方的一些考量”。首先，俄罗斯想借此表明，虽然面对制裁，但自己并不孤独，且依然在国际舞台发挥重要作用；其次，本次会议虽以阿富汗问题为主，但其间中俄也会就乌克兰问题进行沟通；最后，本次外长会期间，美俄代表出席了“中美俄+”磋商机制会议，这是自俄乌冲突爆发以来，美俄高级别官员首次线下接触。    金良祥表示，本次外长会主要有以下两大特点：其一，与会国家数量多，代表性广泛，“除了阿富汗的七个邻国，还有阿富汗代理外长、印尼外长、卡塔尔外长，以及美国阿富汗问题特别代表”。可以说，阿富汗问题的利益攸关方都在其中。其二，会议安排体现了多层次和立体性。3月30日，中阿巴三方外长会晤举行。而在第三次阿富汗邻国外长会期间，也举行了“阿富汗邻国+阿富汗”外长对话和“中美俄+”磋商机制会议。“各国不仅有一对一的双边互动，还有三方及多方互动，这不仅可以让各方对阿富汗问题进行最充分的讨论，也是本次会议的创新之处”。    金良祥认为，在中国的土地上举办这次会议意味深长，“这凸显了中国作为负责任大国在阿富汗问题上发挥积极作用的外交形象，和中国与有关各方都保持友好关系的优势，也体现了中国超强的外交组织能力，以及勇于承担国际责任的精神”。    本报记者  王若弦,https://paper.xinmin.cn/html/xmwb/2022-04-01/11.htm,2022-04-01,第11版:综合新闻
上海戏曲艺术中心云上放送经典,每天都有好戏等你解锁,,    与剧场暂别的日子，戏曲演出始终“在线”，上海戏曲艺术中心与旗下院团、剧场，继续陪你在云上“艺”起前行。即日起至4月5日，云赏戏曲每日精彩不断，悠长戏韵持续陪伴着大家的生活。    早在3月19、20日，上海京剧院“青春跑道”项目便以选集的形式进行线上展演，连续两天在B站、抖音上播放了《白蛇传》及《战宛城》两部大戏，播放量达到了7.7万，评论1000余条，不少中学生也被吸引前来观看。在观摩《白蛇传》的过程中，有观众评论道：“白蛇的画面自带滤镜，全剧都是春天的色彩，在线上感受到了春天，真美。”    上京已计划将更多的好戏、大戏进行线上展演。每周三、周六，一周两期“青春跑道”项目将精选《大名府》《杨门女将》《武松》《狸猫换太子》青春版（上、下集）等大戏，继续线上播放。四月初，上京与百视通合作，将线下演出搬到电视大屏，开启线上“云演艺”，《凤还巢》《换人间》《五百年后孙悟空》三部大戏可通过IPTV点播收看。在“乐游上海”账号，观众将看到《大唐贵妃》《换人间》两部新创大戏。“云游”上海京剧传习馆的线上活动，也将带着大家解读京剧传习馆的建筑、上海京剧院历史以及京剧的精美服饰。    连日来，上海昆剧团也推出了云上观雅韵之春日特辑，《雷峰塔·水斗》《长生殿·定情》《虎囊弹·山门》《南柯记·瑶台》《牡丹亭·游园》等经典折子戏。活动期间，上海沪剧院也通过沪剧之家微信公众号、上海沪剧院视频号、官方微博、视频号推出“沪韵云听”沪剧经典云展演活动。每日一部名家名角主演的经典剧目，陪观众领略海派文化的品格和魅力。    沪剧经典剧目《大雷雨》的播出，让戏迷对已故沪剧名家褚惠琴的怀念之情油然而生，正是在剧中的演绎，造就了褚惠琴、徐伯涛“黄金搭档”的美誉。沪剧《石榴裙下》则是茅善玉、孙徐春的经典版本，戏迷评价，每个角色都演得那么到位，看了多遍，而且是开放式舞台，观众和演员很有互动感。    无法走入宛平剧院看驻场版《红楼梦》，可以在线上点播明星版越剧《红楼梦》，钱惠丽、单仰萍、赵志刚、方亚芬、郑国凤、王志萍等全明星阵容让戏迷直呼过瘾。明星版越剧《孟丽君》集结了单仰萍、章瑞虹、钱惠丽等名家主演，更是精彩非凡。越剧电影也是不可或缺的一块，上越精选了《双飞翼》《玉卿嫂》等电影播放。《祥林嫂》《家》《梅龙镇》等经典越剧，以及抗疫小戏也将轮番展演。    今年是淮剧大师筱文艳100周年诞辰，上海淮剧团推出了淮音雅“云”——追溯大师戏曲年华光影展演，将为大家介绍并展播淮剧经典传统剧目《三女抢板》。淮剧《三女抢板》作为淮剧经典传统剧目，常演不衰，近期，由上海淮剧团国家一级演员张华、邢娜等主演的《三女抢板》亮相CCTV空中剧院，这次团精选了经典片段。另外，此次推出的淮剧《牙痕记》为传统淮剧“九莲十三英”中的一出久演不衰的骨子老戏，由筱文艳、马秀英、隋晓葆、陈德林、韩小友、李文藻等主演，是淮剧常演不衰的保留剧目。    上海评弹团则在网络乡音书苑中放送了团庆70周年庆祝晚会的视频，以及《雄风犹在——杨振雄先生诞辰100周年纪念演出》《高博文说评弹》《青春正年少  新燕啄春泥——乡音月月夜书会》等系列视频，老中青三代评弹人的风采都可在线上领略。    本报记者  赵玥,https://paper.xinmin.cn/html/xmwb/2022-04-01/12.htm,2022-04-01,第12版:文体新闻
周冠宇接受专访谈F1“初体验”,没料到小目标第一站就完成了,,    结束巴林和沙特两站大奖赛后，创下中国赛车多项历史纪录的上海小伙周冠宇，昨晚通过合作伙伴久事体育的平台接受采访。谈及前两站的表现，周冠宇给出了“总体还算满意，但自身还有不少潜力可挖，未来将继续提升竞争力”的总结。同时，他也希望上海尽快走出疫情阴霾：“相信我们一定能克服困难，让一切早日恢复正常，我也期待早日参与F1中国大奖赛。”    充分准备    赛季开始前的一次采访中，还未在赛道上一展身手的周冠宇曾表示，今年的目标是尽可能多地完赛，同时争取拿到积分。几个月后回顾当时的情景，中国车手笑言：“我也没料到第一站就把小目标完成了。”    圆满的结果背后，自然少不了周冠宇和车队在赛季前的充分准备和开赛后的不断调整提升。    为了尽快适应F1的节奏，避免撞上所谓的“新秀墙”，这个冬天，周冠宇放弃了大部分休息时间，留在车队工厂，与技师和工作人员讨论赛车调校的细节。“那个冬天是非常忙碌的，我们几乎对每一个可能影响比赛及驾驶感受的方面进行了商讨。”他以自己的驾驶风格作为例子，“因为是第一年进入F1，所以在长距离方面可能相对更加擅长一些，在提升单圈速度方面，则需要积累更多经验。”    “我觉得自己比完两站后，有了不小的收获。”周冠宇在采访中直言，在自己刚刚与车队签约时，听到了不少不一样的声音，当时他就明白，通往F1的道路充满荆棘，自己需要用更好的成绩说话。不过即便有了心理准备，巴林首秀时赛道上出现的种种情况，还是让他难免紧张。“我感觉就像在坐过山车，上一秒感觉可以拿到积分，下一秒就可能因为轮胎和黄旗的状况出现变化，这也正是赛车的魅力。”    超越偶像    套用现在网络上流行的说法，成为F1正式车手后的周冠宇，算是“追星成功”了，在巴林和沙特两场比赛中，“中国周”都有与偶像阿隆索和汉密尔顿直面交锋的记录。说起这一点，“小迷弟”给出了一个有些出人意料的答案：“在屏幕里看他们比赛的时候感觉很羡慕，真的在赛道上碰面时，我也就不会想前面这个人是偶像还是世界冠军了。因为在那一刻，我的目标就是超越他。”    上周结束的沙特站比赛中，周冠宇获得第11名，遗憾与积分失之交臂，而在他前一位冲线的，正是七冠王汉密尔顿。因为转播机位和镜头的关系，不少中国车迷没能看到那次追击，昨天，周冠宇还原了当时的情况。“比赛剩下不多的时候，我知道自己在11位，所以提升了速度，向身前的汉密尔顿发起追击。”他特别强调，当时自己脑海中想的只有尽力去争取一个积分，并不在意前方是偶像之一的“老汉”。    下个周末，F1将转战墨尔本阿尔伯特公园赛道，目前，周冠宇正跟随阿尔法罗密欧车队按计划备战这场比赛。前两站的经验，也让周冠宇对之后的赛事有更多期待，“从我了解的情况看，下一站可能会有不少中国车迷来现场助威，这让人兴奋，不过目标还是不变，顺利完赛并且争取积分，也希望能在排位赛上向着第三阶段冲击一下，争取给大家带来更多惊喜。”本报记者  陆玮鑫    对话周冠宇    记者：前两场比赛取得不错战绩，自己感觉有哪些变化？    周冠宇：主要是心态方面，在签约的时候有不少声音，甚至有一些并非基于事实的说法，我一直没有回应，是希望用成绩来证明自己。目前的情况还不错，我收获了积分，也得到了车队的认可，感觉心里更加平和。    记者：在上一场比赛中，车队出现了一些失误，对此在赛后有怎样的交流？    周冠宇：上一场是因为车队方面弄错了无线电的频道，导致他们没有接到我需要在进站时罚停5秒的情况。我相信车组方面会针对相关的情况做出讨论和调整，我会给他们更多鼓励，避免总体的情绪和士气受到影响。    记者：之前在采访久事体育的相关负责人时，他们谈到在你签约F1后，赛车在国内变得热门起来，也有不少少年可能选择从事这个项目，你有什么对他们说的？    周冠宇：很高兴有越来越多的朋友关心赛车运动，也感谢他们对我的支持，我能做的就是尽可能拿出好的表现，用成绩去证明中国车手也有能力在F1立足。对于有志从事赛车运动的朋友，我认为最重要的是要脚踏实地，走稳每一步，不要总想着完成“跳跃”，因为只有打好基础，才可能在未来实现梦想，站上期待中的赛场。本报记者  陆玮鑫,https://paper.xinmin.cn/html/xmwb/2022-04-01/13.htm,2022-04-01,第13版:文体新闻/体育
,做嫁衣的人,,    葛昆元    又到清明时节，我照例会想起一些仙逝的朋友，鲁秀珍老师就是其中一位。    鲁秀珍原是《北方文学》副主编，是一位为人做嫁衣的编辑，常年在哈尔滨工作。退休后，她随丈夫、著名学者王观泉来上海安度晚年。我是他俩多年的朋友，常登门请教或约稿。最喜欢听他俩谈文坛往事。他俩好客，也喜欢聊天。经常是一盏茶，一杯酒，聊上半天。鲁秀珍谈得最多的是她与作者交往的往事。有一次，鲁秀珍深情地谈起了她与著名女作家迟子建的故事。    一开始，鲁秀珍就自豪地说：“迟子建是‘中国当代文坛的主力’，是茅盾文学奖得主。她的小说驰誉海内外，好几个国家翻译了她的作品。而我认识她时，她才十八九岁，刚开始工作。”    鲁秀珍说，那年，《北方文学》的青年编辑宋学孟外出组稿，在大兴安岭师专找到一名叫迟子建的学生商量修改稿子。本以为是个男生，来的却是个小女生。她的小说《那丢失的......》经修改很快就在《北方文学》上发表了。这是她的“处女作”，是编辑从自投稿中挑出来的，因此她非常感激，也很兴奋。她领到第一笔稿费，便去商店买了一瓶父亲爱喝的“竹叶青”。他们父女情深，她的名字就是父亲起的，父亲希望女儿能有曹子建那样的文采。    不久，鲁秀珍担任了《北方文学》副主编，办了第一届兴凯湖小说班。在这里鲁秀珍第一次见到迟子建。她是班中年纪最小的，说话不多，喜欢思考。    鲁秀珍待人真诚，颇有亲和力，一言一笑，都透着亲人的感觉。很快，她和迟子建就成了“忘年交”。她们经常联系，无话不谈。迟子建有时甚至会有点调皮。她在来信中自称“小迟子”，还给鲁秀珍寄来好多生活照。其中一张有点淘气：她撒开着两手，嘻嘻哈哈地笑着骑在公园雕塑大熊猫上，照片背后还写了几句对话：    大熊猫（拱手作揖状）：小姐，行行好，小熊猫饿了，我该喂它奶了。    我：（耍赖一般地）：不，我还没玩够呢，再背我五步。    大熊猫（灵机一动）：看看，小姐，你骑在我身上，公园管理人员要罚你款了。    我（晃着脑袋）：没关系，老熊，我兜里预备着稿费呢。    看到这里鲁秀珍明白了，最后一句才是她点题的话吧。这是她的快乐！    交往中，鲁秀珍发现迟子建虽然天真、活泼、可爱，但她的作品却蕴含着深沉的思想。不久，迟子建的小说《沉睡的大固其固》发表。鲁秀珍在编者按中热情地指出：此小说是“一篇新的生命的宣言”。这一评价得到了许多读者的认同。    鲁秀珍不仅在国内竭力推荐迟子建的小说，而且设法将她的小说介绍到国外去。迟子建发表在《北方文学》上的那篇乡土叙事《葫芦街头唱晚》，就是由鲁秀珍和丈夫推荐，由美国汉学家葛浩文译成英文，推向海外的......    听到这里，我感慨地说：“您真是一位全心全意为他人做嫁衣的好编辑啊！”鲁秀珍笑笑说：“这些都是我作为一个编辑应该做的事情。能够从我们的杂志上涌现出像迟子建这样的优秀作家，是我们杂志的荣幸，也是我的荣幸！”    迟子建非常尊重做嫁衣的编辑。对于鲁阿姨为她做的事，她点点滴滴都记在心里。她曾经写道：“我日记上有一首19岁时写的诗，名为《草》：草是鲜花的陪衬者，是人类自由的元素，牛羊是你忠诚的伙伴，你是鲜奶不尽的源泉......但愿《北方文学》能做文学青年的这样一棵草；愿那些因吃了这草而获得‘鲜奶’的牛羊，不要忘记它的源泉——草！”    鲁秀珍退休来到上海后，迟子建依然与她联系不断。迟子建只要到南方参加笔会或领奖，都会在上海下车来看望他们夫妇俩。十多年后，鲁秀珍出了一本书。在丈夫的鼓励下，鲁秀珍携书回到哈尔滨，当面给朋友和同事们送书。其中一本就是送给迟子建的。    这天，迟子建高兴地收下鲁秀珍的书后，特地请她的“鲁阿姨”去“波特曼”吃西餐。席间，她对鲁秀珍说，这么多年来参加了很多次在旅游胜地办的小说培训班或笔会，最不能忘的还是第一次参加的兴凯湖小说班。看来，她真没忘了“草”。至于她得茅盾文学奖的事，当上黑龙江省作协主席的事，她却一字未提......    听完鲁秀珍讲的故事后，我终于明白了，一名编辑究竟应该怎样做，才能成为作者心目中的那个做嫁衣的人......,https://paper.xinmin.cn/html/xmwb/2022-04-01/14.htm,2022-04-01,第14版:夜光杯
,捣烂凤鲚制玉饼,,    沈嘉禄    照理说长江禁捕后，长江刀鱼就不能捕也不能吃了，但是好几家老字号一年一度的刀鱼面还在供应，有些网红店的刀鱼馄饨还在拔高了调门吆喝，但刀鱼从何而来，店主王顾左右而言他。业内人士告诉我，目下绝大多数刀鱼均是太湖所产。那么好，还不如去吃凤尾鱼。    感谢这些丰富的水中珍品，与刀鱼在外形上十分相似的凤尾鱼，鲜味也足够清雅，堪当与刀鱼PK的使命。过去有人认为凤尾鱼与刀鱼是同类，凤尾鱼长大后就成了刀鱼，这是齐东野语。凤尾鱼也叫“凤鲚”“子鲚”或“鲚鱼”，与七丝鲚和短颌鲚均属鲚类，八卦地说，也算刀鱼的堂兄弟。    凤尾鱼虽小，身架也当得雍容华贵，体型像小型匕首，呈流线型，银光闪烁，口裂斜展，唇口有鲜红一抹，眼睛圆润而明亮，水汪汪地眺望着诗和远方。胸鳍凌厉翘起，坚贞不屈。尾部修长而优雅，至最后一段分叉，像凤凰的尾巴。称它凤尾鱼，是渔家由衷的赞美。    作为洄游性小型鱼类，凤尾鱼平时遨游于外海，每年春末夏初则成群由海入江，在长江与海交汇的淡水区产卵。凤尾鱼抱团取暖，相濡以沫，以浮游生物为食，在洋流中巧妙周旋，躲过了凶悍者的围追堵截，进化成一个庞大家族。凤尾鱼在南方通海大江里似乎都能找到它的踪迹，甚至能一路游到鄱阳湖，所到之处，即形成澎湃鱼汛。每年三月至十月，凤尾鱼的汛期如此之长，绝对是平民百姓的口福。    凤尾鱼与刀鱼相比，胜出之处在于腹内抱籽，紧致而有腴香，故而在上海人口中也被叫作“烤籽鱼”。照薛理勇先生说法，“烤”是吴方语中“囥”字之误，正确的说法应为“囥籽鱼”，“囥”的意思就是“藏起来”。    上海人吃的凤尾鱼多来自浙东沿海，少量来自崇明岛，以五六月份捕捞的品质最高，鱼籽紧实，轻轻咬下，满口膏腴，鲜香十足。吃凤尾鱼，鱼籽的多寡与松紧是评判优劣的关键。    凤尾鱼肉薄而多骨刺，参以本帮爆鱼的塑身大法，先倒些老抽在鱼身“郁”一下，沥干后入油锅炸至酥脆，起锅后投入事先调制好的卤汁中，十数秒后捞起，趁热上桌，连骨咀嚼，送酒隽品。在饭店里凤尾鱼比熏鱼卖得贵，成本放在那里，消费者能够理解。    苏州人也视凤尾鱼为珍品，制卤时会多放一些糖。前阵子在十六铺松鹤楼请几位广东朋友吃饭，我点了一款烤籽鱼，柴把似的堆起，凤尾高翘，抱籽紧实，像一堆凝固的篝火。此物岭南没有，朋友一吃，连声称美。    最好不要请北方朋友吃凤尾鱼，他们以为上海小气，叫一碟小猫鱼虚应故事。不懂得它的价值，吃相也就好不到哪里去，就像苏州人说的——“牛嚼草”。    物资供应匮乏的时候，凤尾鱼罐头在食品店的柜台上摆成宝塔状，行人走过路过，“馋吐水”答答滴。在外地工作的上海人春节回沪探亲，返途的行囊里也会塞几罐。天寒地冻出门难的日子，狐朋狗友聚在一起借酒浇愁，就会开一瓶凤尾鱼，吃着说着，禁不住淌下两行乡思泪。    此物也有相当一部分出口创汇，成为欧洲人餐桌上的开胃小菜。上海的超市里现在还有供应，但闷在广口瓶或罐头里的凤尾鱼，条索虽然清晰，口感却逊色不少，有点渣男的味道。温州人常常将凤尾鱼一条条串起来，在太阳底下晒干，贮藏在瓦缸内，可在青黄不接时拿来熬汤或与猪肉一起红烧，味道相当不错噢。    如果在菜场里买到的凤尾鱼没有籽，家庭煮妇不免有鸡肋之憾。去年在太仓的陆渡宾馆吃到一款鲚鱼饼，这是凤尾鱼的另一种呈现方式。凤尾鱼去头去龙骨以及肠子，细细剁成泥，盛在大盆里，加蛋清和少许生粉，加盐、黄酒、白胡椒粉适量，再挤少许生姜汁，不要加葱花，顺时针拌匀，打上劲饧一会。然后捏成鸡蛋大小的圆子，在台板上撒一把干粉，将鱼圆压成小圆饼，排列在平底锅内以文火煎至两面金黄，就可装盆上桌了。    鱼饼一时做多了，吃不完，也有两种出路。一是加少许虾籽酱油和白糖回锅烧一下，汤汁要少，也是很好的下酒小菜。二是炒一盆酒香草头，将回锅的鱼饼顶上一盖，就成了一道很有乡土气的下饭菜。如果打底的是咸菜炒笋丝或香干炒芦蒿，那么顶上的鱼饼就必须是白烧的了。    关键一点，凤尾鱼要剁得细，咸头要一次吃准，大快朵颐的时候就不会有骨鲠在喉的感觉。    吃不到长江刀鱼不必遗憾，因为凤尾鱼正在源源不断地涌来。它的美味，能使世俗的初夏丰腴起来，甜鲜起来。,https://paper.xinmin.cn/html/xmwb/2022-04-01/15.htm,2022-04-01,第15版:夜光杯
,居家生活中的防控细节,,    近期上海市新冠病毒疫情防控形势严峻，疫情下没有旁观者，我们只有每个人日常生活都做好“防疫三件套”和“防护五还要”，才能有效控制疫情传播。在此，和大家分享居家生活中的防控细节。    科学佩戴口罩：不建议佩戴有呼吸阀的口罩。佩戴时间不宜超过4小时且不可复用。咳嗽或打喷嚏时不应脱卸口罩。口罩一旦潮湿必须及时更换，短时脱下时应避免内层的污染，脱卸口罩不要碰口罩前面。    讲究个人卫生：咳嗽或打喷嚏时如未戴口罩应用纸巾或肘部衣袖覆盖口鼻；居家打扫、莳花弄草、逗弄宠物后，应即刻进行手卫生，也就是洗手或用快速手消毒液消毒双手，如无手卫生条件可用无接触方式，如纸巾等。    注意通风消杀：窗户还要尽量开，要保持房间内的空气流通。注意快递及货物等外包装的污染，擦拭消毒包装或处理过程中严格手卫生，避免物传人。    避免过度防控：不建议过度防护如穿防护服、戴面屏，不建议对衣服和居家环境进行强消毒剂喷洒消毒，不建议无医嘱下服用预防药物。    高晓东（复旦大学附属中山医院感染管理科副科长、国家卫健委感染预防和控制专家委员会委员）,https://paper.xinmin.cn/html/xmwb/2022-04-01/16.htm,2022-04-01,第16版:康健园
习近平重要指示：管行业必须管安全，管业务必须管安全，管生产经营必须管安全,始终保持如履薄冰的高度警觉,全国安全生产电视电话会议在京召开  李克强作出批示,    >>>详见新民网 www.xinmin.cn,https://paper.xinmin.cn/html/xmwb/2022-04-02/1.htm,2022-04-02,第1版:一版要闻
李强：坚定信心、毫不松懈，态度要更坚决、行动要更迅速、举措要更严密、服务要更周全,扎实细致做好面上核酸筛查,与龚正分别检查第二批地区核酸筛查推进和民生保障工作情况  对驰援我市的江苏省浙江省安徽省检测队伍等表示敬意和感谢  诸葛宇杰参加,    本报讯  市委书记李强，市委副书记、市长龚正昨天上午分别前往徐汇、静安、黄浦、普陀、青浦等区，实地检查第二批地区核酸筛查推进和民生保障、应急就医工作落实情况，对驰援我市的江苏省、浙江省、安徽省检测队伍等表示敬意和感谢。李强指出，当前正处于疫情防控最吃劲最关键的阶段，必须坚定信心、毫不松懈。要坚决贯彻习近平总书记重要讲话和指示批示精神，全力以赴、扎实细致做好这一轮面上核酸筛查工作，态度要更坚决、行动要更迅速、举措要更严密、服务要更周全，为确保市民安康、城市安全而努力奋斗。    第二批地区核酸筛查工作4月1日起全面开展，涉及人员更多、覆盖范围更广。为了确保核酸筛查工作有力有序推进，相关各区抓紧做好封控筛查各项准备工作。李强来到位于徐汇区徐家汇街道南丹东路上的一个小区，检查社区封闭式管理情况，听取封控期间居民核酸筛查组织和民生保障等工作汇报，详细询问应急就医“绿色通道”以及人员配备情况，对坚守一线的街道居委干部、医务人员、公安民警、物业保安人员、社区志愿者表示慰问和感谢。他说，要结合区域实际，更有针对性地周密部署、细化方案、做好保障。既要用好大数据，也要逐家逐户“敲门”，确保核酸筛查“不漏一户、不落一人”。要严格封控管理，管住每个楼栋、巡好每个街面，确保“人不流动、足不出户”要求落实到位。要周全服务保障，认真倾听居民心声，及时解决急难问题，更好凝聚起人人自律、齐心抗疫的强大合力。    为了加快核酸检测速度，一批移动核酸检测车日前已投入使用。李强来到静安区一处街区广场，了解移动核酸检测车服务周边居民、开展核酸检测相关情况，听取区域核酸检测能力提升相关工作推进汇报。李强指出，核酸检测能力事关疫情防控成效，既要着眼当前，抓紧优化组织，合理调配资源，推动“采、送、检、报”全流程协同，促进精准匹配、高效运转；又要立足长远，从布局选址、设备采购、资质审批以及检测人员培训等方面下更大功夫，大力支持相关检测企业发展，为方便市民随到随检奠定坚实基础。    连日来，在我市新一轮核酸筛查工作推进的关键时刻，兄弟省市给予大力支持。江苏、浙江、安徽等地检测队伍已陆续抵达上海，顾不上多作休整，便马上投入到相关社区的核酸采样检测工作中。李强现场看望带队同志和医务人员代表，代表市委、市政府和全市人民对苏浙皖检测队伍不辞辛劳、星夜驰援表示感谢。他说，面对新冠肺炎疫情的严峻挑战，各兄弟省市主动对接、密切协作、守望相助、联防联控，充分彰显了对于上海人民的深厚情谊。相信有长三角以及全国各兄弟省市的鼎力相助，我们定能打赢疫情防控这场阻击战。李强叮嘱区和街道同志，要进一步加强对接、密切沟通，用心用情、周到细致地做好外省市支援队伍的服务保障工作。    我市近日来持续强化“非必要不离沪”，自4月2日零时起，离沪人员除须持有48小时内核酸检测阴性证明外，还须提供24小时内抗原检测阴性证明。市领导来到上海火车站，检查铁路运营和公交保障情况，了解离沪人员核酸和抗原检测结果查验工作，看望慰问铁路运营、交通保障一线人员，对持续奋战在城市运行各条战线上的同志表示感谢。李强说，要坚决守牢城市运行各道关口，把规定的要求和手势不折不扣执行到位、落实到位，确保超大城市始终安全有序。    市领导还前往黄浦区，察看社会面管控情况，检查疫情防控和核酸筛查工作进展，就因地制宜、采取综合防控措施确保核酸筛查按时按质完成作了具体了解。李强指出，开展核酸筛查，就是要以最快速度摸清底数、锁定风险、切断传播。要充分发挥基层党组织战斗堡垒和党员先锋模范作用，在抗疫一线更好担当作为，团结带领居民群众同心同向，坚决打赢疫情防控这场大仗硬仗。    龚正来到美团买菜西康路站点，这里堆放着一包包蔬菜，既有集采集配的“保供套餐”，也有居民单选品种。龚正十分关心封控区居民的生活保障，详细了解下单配送流程及菜价，鼓励企业加强货源组织，增强配送力量，与居委和志愿者做好衔接，并加强自身防疫。他叮嘱区里干部，保供是这段时间重要任务，要调整优化工作手势，打通配送“最后一公里”，确保生活必需品能送到家门。    随着浦西地区核酸筛查全面展开，青浦区赵巷镇和睦村实施了封闭管理，居民们保持间隔、做好防护，有序进行核酸采样。龚正实地察看，并听取现场组织方案。他指出，扎实做好核酸筛查关乎抗疫全局。要持续优化现场组织，确保分时分批，减少排队时间，避免聚集交谈，严防交叉感染。要将“易漏检”群体纳入属地管理，实现应检尽检。    市领导还来到普陀区一处在建隔离收治点，实地察看建设情况。龚正指出，要全力挖潜改造，确保质量安全，尽早投入使用，确保阳性感染者及时转运隔离。集中救治点投运后，要发挥党员作用，加强关心关爱，并号召收治群众做好自我管理，增进相互理解，形成“人人为我、我为人人”的良好氛围。    市领导诸葛宇杰参加相关检查。,https://paper.xinmin.cn/html/xmwb/2022-04-02/2.htm,2022-04-02,第2版:要闻
成人感染被转运，孩子谁来照顾？,“儿童督导员”“儿童主任”上线了,,    社区封控期间，需要加强对特殊人群的关心照顾。如何关心孤寡独居老人、行动不便的人？如果家里大人感染被转运治疗，未成年人子女谁来照料？市民政局副局长曾群表示，上海是一个老龄化程度很高的城市。本轮疫情暴发以来，对社区老年人等特殊人群的关心关爱和服务保障是我们工作的重中之重。近期，各级民政部门、街镇和村居委也在想方设法做好社区特殊人群的服务保障工作。    对高龄、独居、行动不便的老年人，社区通过电话微信等方式联系，了解掌握情况，帮助老年人开展核酸检测登记，协助送餐和配送生活物资等。很多“老伙伴计划”志愿者与结对关爱对象每天通一个电话，通过“远程陪伴”，提供关心关爱。    同时，针对封控管理期间社区老年人的一些刚性需求，比如助餐、居家护理等，我们要求各街镇、各服务机构在严格落实防护措施的前提下，尽力提供服务。此外，很多区发挥养老顾问服务网络，及时掌握高龄独居老年等群体的动态信息，利用“为老服务一键通”信息平台，24小时在线受理老人和家属来电。对有特殊要求或困难的老人，反馈至对应的居委会或相关部门协调解决。    因疫情可能导致的儿童临时监护问题，确实是令人揪心的问题。一旦大人被感染转运治疗、或者疫情封控管理无法回家，造成未成年子女无人照料的情况，我们要求儿童所在街镇的“儿童督导员”和所在居村的“儿童主任”迅速响应，以保障孩子的身心安全为第一原则，快速开展应急处置和帮扶服务。对于适合居家的未成年人，要协助尽快确定合适的照料人并安排临时生活照料措施。如果一时难以找到合适的照料人，儿童所在区和街镇应第一时间落实属地责任，在家长同意的前提下，指派专人临时照料，确保孩子处于有效监护的状态。本报记者  左妍,https://paper.xinmin.cn/html/xmwb/2022-04-02/3.htm,2022-04-02,第3版:要闻
,申城最大隔离点运行平稳  感染者转阴约需7-10天,——访新国际博览中心  集中隔离收治点总指挥陈尔真,    昨天上午，上海集中隔离点医疗救治组组长，上海新国际博览中心集中隔离收治点临时党委书记、总指挥陈尔真刚协调各方开完会，就马不停蹄地赶至N区的三个场馆和W区的五个场馆，开展新一轮的工程验收交接和基建工程指导，同时实地查看医护人员办公和休息场所。    “安全是首要的。工程安全、院感防控、人员安全，包括医护、患者及工程施工人员各个方面都要确保安全。虽然时间紧、困难多、任务重，但绝对马虎不得，必须要把预案做细致、要把工作落到实处。”陈尔真反复提醒各方。    晚饭间歇，陈尔真接受了本报记者专访，就新国际博览中心集中隔离收治点的医疗救治情况、治疗方案等做了介绍。    问：新国际博览中心集中隔离收治点的救治力量如何？已经收治病人的病区情况怎么样？    答：截至目前，这一集中隔离收治点运行总体上是平稳的。上海新国际博览中心集中隔离收治点3月31日晚正式开启，医护人员连夜收治首批患者。在多方保障下，驻扎在N4、N5两个场馆的上海市第六、第十人民医院医疗队交错接收抵达隔离收治点的救护车，截至4月1日19时，该场馆收治来自上海各个区县的患者1500名。    在确保病人安全的前提下，我们还为病人方便考虑。医疗队优化收治流程，关注细节。具体来说，抵达收治点的救护车不排队，而是医疗队主动迎上。医疗队先安顿患者，再办理相关信息的确认工作。因此，病人基本上是比较满意的。    同时，我们要求医疗队尽量创造条件，满足患者的生活所需。昨天很多人是后半夜抵达的，收治点也为他们准备了年糕、面包和小点心。    我们还为病人准备了精神“粮食”。昨天，3000份新民晚报也送进了新国际博览中心集中隔离收治点。所以到现在，病人在方方面面还是比较认可的。    接下来，新国际博览中心集中隔离收治点将稳步推进，真正做到“应隔尽隔”“应收尽收”的基本原则。    问：新国际博览中心集中隔离收治点设计床位超过1.5万张，是目前上海规模最大的集中隔离点。这给管理和运营上带来哪些困难和挑战？    答：收治点的场地非常大，收治的患者数量也很多。这里有包括瑞金医院、上海市第十人民医院、上海市第六人民医院、龙华医院、曙光医院、岳阳医院、上海市肺科医院、上海市胸科医院、五官科医院以及杨浦区中心医院这十家医院的医疗队进驻，工作量非常之大。    在院感管理上，首先在硬件建设上尽量做到完美，符合院感防控的装备要求、流程要求和技术要求；其次，努力在人员意识上加强培训，尤其是没有医学背景的第三方工作人员和志愿者等，要通过培训提高他们对院感重要性的认识，同时也在院感技能上有提升。    问：在医疗救治上，是否已经有了方案？感染者们将在这里如何治疗？    答：就医疗救治而言，各医疗队主要根据国家卫健委公布的《新型冠状病毒肺炎诊疗方案（试行第九版）》来严格执行。在治疗过程当中，我们也会把方案进一步细化，来满足病人的一些需求。    我们已经准备好了预案来应对有基础疾病的患者，尽量满足病人的个体化的治疗需求。新国际博览中心临时集中隔离收治点绝大部分是无症状感染者，我们会充分发挥中医的作用，让感染者吃一些中药。同时对有症状者的患者采取对症治疗，比如说降温等。    对感染者，我们会在第二天、第三天开展核酸检测，一旦转阴符合出院标准，就会办理出院手续。对轻症和无症状感染者而言，这个周期基本在7-10天。    问：在新国际博览中心集中隔离收治点担任总指挥，与两年前在武汉三院参与救治有什么不同？    答：当时我们是“外援”，而这次是“内救”。奥密克戎BA.2变异株传播速度很快，传播力也很强，这也增加了我们管控的难度。不过，无论在武汉还是上海，都是和疫情战斗。在武汉时我就说“我只是换了个工作的地方”，所以从性质来说没什么不一样。    问：之前您也负责过多个集中隔离收治点，是否积累了一些经验，并带到这一隔离点？    答：我带领的团队曾在嘉定体育馆、崇明长兴岛、嘉荷新苑、世博展览馆等临时集中隔离收治点参与建设。从最早开始我们就慢慢地积累经验，不断总结经验，同时也向人家学习。    总体来说，新国际博览中心临时集中隔离收治点有之前经验的体现。当然，如此巨大规模的收治点对我来说也极具挑战，这在之前是从没遇到过的。  本报记者  郜阳,https://paper.xinmin.cn/html/xmwb/2022-04-02/4-5.htm,2022-04-02,第4/5版:上海新闻
,浦西首日封控检测“动静有序”,街道干部下沉社区保障“民间高手”优化采样路线,    4月1日，浦西进入新一轮封控。疫情防控，就是基层治理能力、居民素质高低的大比拼！在众多社区，核酸检测组织有序，防控保障协调有力，居民守望相助，阿拉更要做“有腔调”的上海人，争取最后的胜利！    黄浦区  “先锋上海”志愿者打头阵    此刻，“楼组群”里，一封告居民书，既是指南针，也是定心丸——黄浦区五里桥街道名盛苑小区，就这么做了。    地面上，“2米线”标识，清清楚楚；“楼区群”里，下楼预告，清清楚楚；楼栋里，“大白”保安挨家挨户依次通知，明明白白。现场排队，不超过30人，2米间隔严格遵守。“大白”们现场协助。居民检测完毕离场，“大白”再次核对楼栋户室。然后，居民从指定路线回家，进场、离场两条道，进退有度，不冲突。    昨天上午7时，黄浦区五里桥街道名盛苑小区开始核酸检测，有条不紊，依次推进。检测现场，“1米线”提升为更严格的间距2米！“非常时期，不打无准备之仗。”永业集团复欣公司名盛苑物业管理处经理王瑞英说，3月中旬以来，小区封控，居民们讲规矩、有秩序，共克时艰；3月31日，一封加盖居委会、业委会、物业公司公章的“告全体居民书”在小区各个“楼组群”公告，从核酸检测具体安排到现场组织管理方式，一样样简洁明了、通俗易懂，读了公告，居民们说——不叫不动，叫了就动，不提前也不拖延！    上午9时，距名盛苑不远的瑞南新苑小区，核酸检测也在推进。前几天，五里桥街道各居民区党总支广泛发动社区力量，形成以“先锋上海”报到党员志愿者、居民志愿者、社会组织志愿者等组成的防疫志愿服务队，瑞南居民区党总支成立报到党员临时党支部，将党旗插到抗疫工作一线。“成立临时党支部，是我们18名‘先锋上海’报到党员的共同意愿。”瑞南居民区党总支书记吴兢说，这支平均年龄不到40岁的党员志愿者队伍，囊括各行各业“先锋上海”社区报到党员。    昨天，居民区党总支统筹安排，临时党支部、居民志愿者分三组行动，协助各楼组核酸检测，有序高效。临时党支部党员、上海市终身教育研究会家庭教育专业委员会主任姚爱芳完成瑞南新苑一整天的志愿服务，看着“小巷总理”们拼尽全力，她希望大家多多珍重，“你们是我们居民的主心骨！”    昨晚10时，名盛苑小区“楼组群”依然活跃——4月2日，小区保供需要新的楼组志愿者，平时不爱说话的好邻居们，此时此刻纷纷站出来，积极报名要做非常时期“守沪者”。  本报记者  姚丽萍    长宁区  居民“金点子”更生动周全    为应对昨天开始的全员核酸筛查，长宁区周家桥街道虹桥万博花园推出独一无二的“核酸采样行走路线图”，图中分出核酸采样核心区和外围排队等候区。其中，采样区有三条通道，其中一条是专为老年人等特殊群体设置的绿色通道，一旁还有休息等候区，格外人性化。而外围的排队前进方向，则根据楼栋所在方向进行顺时针或逆时针的调整。    “早上需要前来做核酸的2、3、4、5、6、7号楼正好在检测区南侧，逆时针方向进入排队区不仅可以让居民少走路，也可确保居民一路不走回头路，动向更加科学流畅。而下午核酸楼栋正相反，因此我们的路线图也就有两个版本。”虹桥万博居民区党总支书记张浩云告诉记者，除了一目了然的人流方向，图上还细致标记出名单登记、扫码、采样、秩序维持人员甚至翻译人员工位的具体位置，一旦居民遇到问题，即可迅速提供帮助。    记者了解到，这张清晰的路线图汇聚全社区居民的智慧。张浩云介绍，居委会在复盘前几轮全员核酸时，发现还有一些可以完善的做法，便想制作一张核酸检测区域图，让居民提前熟悉环境，确保采样秩序。就在设计布局草图时，两名居民制作的形式更生动、考虑更周全的路线图发给居委干部。“我们据此与物业、业委会一起反复商量细节，甚至走访现场、实地模拟，讨论路线图的可行性，在经过前后不少于10次的修改完善后，最终确保整个流程更加科学合理。”张浩云说，“只有画得越详细，当天的核酸采样才会更加井然有序。”    4月1日全员核酸采样当天，小区现场秩序井然，而这一切也恰恰证明路线图的有效性。本报记者  屠瑜  通讯员  朱文轩    普陀区  “特殊专车”闭环接送血透患者    昨天中午，一辆轿车停在普陀区石泉路街道天赐苑小区门口，接上住在这里的血透患者李老伯及其老伴，去医院进行血透治疗。“我们刚开始接到封控的通知很担心的，因为不知道路如何走，还好街道都给落实好了，说有通行证，街道的车子开过去，就放心了！”李老伯说。    为保障封控期间居民就医需求，石泉路街道各居民区完善“一户一档”，对独居、高龄老人以及需要血透、化疗等的特殊人群开通医疗救治“绿色通道”。早在五天前，石泉路街道就掌握了辖区内有定期血透治疗需求居民数量，并专门安排15辆有通行证的专车，点对点闭环接送他们去医院。    吴师傅是负责开车接送的志愿者之一，他有张接送时刻表，标注着负责接送的血透居民的地址和电话。他说，自己所在的物业公司提供了两辆专车，定点接送在石泉街道社区卫生服务中心做血透的居民。“基本是六点半开始转运，送去后，还要把他们接回来。血透一次要四个小时，街道的调度到时候会联系我。”    石泉街道社区卫生服务中心医生周迎欢表示，这个“绿色通道”很管用，有了专车接送，等居民血透完了，再把他们闭环转运回来。既不会耽误治疗，也确保了安全。    本报记者  江跃中  通讯员  孙志勤    宝山区  “九宫格+六个组”为小区托底    宝山区友谊路街道有38个居民区，要一天里完成辖区内89个小区、14万余人核酸筛查工作，任务重、时间紧。    为打赢这场硬仗，友谊路街道严格落实“人不流动、足不出户”，确保“不漏一户、不落一人”。街道干部分别下沉“九宫格”社区，担任宫格长，每个点位设立点位长，所有问题以小区为托底处理，宫格长和点位长及时处理，做到问题不出社区。为保障居民生活，在根据居民数估算志愿者前提下，提前安排好人员，配备物资调配组、快速投递组、应急处置组、特殊人群关心组、邻居互助组、核酸采样专项组等“六个组”，做好小区封控期间保障工作。    3月31日，为确保核酸筛查顺利推进，淞南镇各疫情防控工作小组深入打磨各自职责范围内的任务分工，建立上下联动、内外衔接、各方协作的沟通机制，把便民措施、应急方案做得更实更细。“决战”在即，大家一直在“盘”心里这本“账”，“逐一销项”成了大家治不好的“强迫症”，“要做得更好”“不能让问题过夜”……他们中间，很多人都是从“菜鸟”学起，去年刚入职的“三支一扶”大学生当起点位长，前几周刚报到的居委干部成了社区志愿者的“总管”……    本报记者  郭剑烽,https://paper.xinmin.cn/html/xmwb/2022-04-02/6.htm,2022-04-02,第6版:上海新闻
,集思广益  阿拉抗疫自有妙计,,    昨天3时起，浦西全域范围实施封闭管理，浦东、浦南及毗邻区域也进入了分区防控阶段。这场由奥密克戎变异株引发的疫情给上海和上海人带来了许多前所未有的挑战，而奥密克戎的特性也决定了疫情防控是一场“人民战争”，必须汇聚最广大人民的力量。    在全市各区，大家都积极发挥主体作用、属地优势和主观能动性，把能调动的资源充分调动起来，把能发动的力量充分发动起来，因地制宜开展创新和探索，各有抗疫妙招，让疫情防控更加便民、惠民、安民。本报记者兵分多路，采集到来自全市各处的“抗疫新36计”，今起陆续刊登，也欢迎社会各界分享自己的抗疫妙招，让我们勠力同心，共同打赢这场疫情防控的大仗硬仗。    第1计    轻车熟路    改装“移动采样车”    小区里居民下楼做检测，如何减少交叉感染的风险？不少市民建议“让大白动，居民不动”。昨天，一个视频在网上流传，一辆三轮小车，车上载着桌椅、物资和两名“大白”，在小区里穿梭做核酸。简易改装的“移动采样车”，博得不少人点赞。    记者联系上了视频所摄的闵行区吴泾镇紫晶南园小区。该小区党总支书记陈晓告诉记者，小区共有136栋楼、6000多人。前几次核酸检测时，最西面的楼栋居民走到最东面的检测点，需要十几分钟，居民行进过程中也可能有交叉感染的风险。    “能不能让‘大白’和居民都少走动？集思广益后，觉得可以尝试用小车改装的方式。”陈晓说，“我们就利用一辆配送防疫物资的专用车，放了一张桌子、两把椅子，志愿者载着‘大白’开到每栋楼下面，再通知居民下楼检测。同时，志愿者们也一直步行跟在后面，对车辆做好消毒。”昨天刚试行了一上午，采样的“大白”和居民都觉得这种方式挺好。    目前吴泾镇辖区内部分有条件的小区，也开始改装“移动采样车”。  本报记者  金旻矣    第2计    麻绳为记    自制排队“软标尺”    找一段普通麻绳，每隔1.5米或2米绑上一条红绳，就成了一条可以将排队人群间隔开的“软标尺”。转弯的地方怎么办？套上水管的弯管，就可以调节麻绳走向。绳子头尾绑上铁块，利用重量将标尺固定在地上，不怕被风吹乱或踩乱。    这，是上海市延安初级中学六年级学生王子齐发明的“核酸检测简易标尺”。记者打通电话时，他正在上网课。他说，自己家住长宁区淞虹公寓，看到网上有些小区核酸排队人群聚集，他就动起了脑筋——能不能发明一种简便灵活又耐用的“软标尺”呢？    “传统的方法是在地面贴标志或画线，但要用大量标贴，而且是一次性的，用完就扔了。铁的标尺又不能弯曲，我就想到了麻绳。麻绳、弯管都是普通材料，也很耐用，不怕被踩烂或磨坏。布置起来简单，还能灵活移动。”王子齐说。    于是，他用了约20分钟，做了一根15米长的标尺，随后和父母一起交给了小区所属的绿园新村第八居委会。“工作人员说这根标尺很实用，还表扬我了。我很开心，昨晚又做了3根，今天一早又送去居委会了。一共60米，可以供40个人排队。”  本报记者  金旻矣    第3计    挂图作战    热力图一目了然    4月1日上午，杨浦区疫情防控大数据热力图正式上线使用，面对大屏上不断更新的“核酸采样数”“核酸异常数”“封控中点位总数”等数字，市级、区级、街道级、网格和居委这四级图层的疫情防控大数据在这张图表上一目了然。    这个一网统管的大数据应用场景对接区卫生、疾控、民政等各个职能部门，数据每天更新三次，自动在后台汇总、分析和呈现，不仅省去了人工制表、填表的人力成本，还可以将零散的数据完整、清晰地呈现在一面大屏上，实现数字化“挂图作战”。    同时，以地图方式呈现的疫情点位热力图不仅直观地将风险点展示出来，还可以帮助决策者发现其中可能存在的时空联系。举例来说，当疫情点位的信息以门牌号码形式呈现时，人们往往不能在第一时间联想到其中的相互关系，然而，当热力图上呈现出一个明显的“包围圈”或者“辐射圈”的时候，人们就很容易发现点位之间的联系，从而找到传播链条，迅速堵住隐患。  本报记者  孙云    第4计    药袋接单    药单统筹代配药    昨天上午7时30分，章琦熟门熟路地来到松江区永丰街道各个封闭小区，从外场驻点工作人员手中接过一个个装满医保卡的袋子。回到办公室分类整理后，她又马不停蹄地赶到附近医院，为每一位居民挂号、看诊、取药……    和章琦一样，从3月中旬起，永丰街道“配药小分队”每天都这样忙碌着，目前已有近10名“娘子军”。她们都是街道各机关科室的工作人员，在抗击疫情的关键时刻，主动变身为“药袋姐”“药袋妹”，解决封闭小区居民的配药需求。    街道党建办工作人员陈凯希告诉记者，每天下午5时，由街道定时收集辖区封控小区配药需求清单，明确患者姓名、所属居委会、药品名称、剂量和药盒照片，由各个居委会统一收集医保卡并消毒。次日，“配药小分队”接单配药，统一前往医院。    1999年出生的周静娴去年刚刚入职，如今也成为了配药小能手。“每个小区有一个大袋子，每个居民又有一个透明密封袋，袋子外面写好名字。”她说，“单据、药品装在对应袋子里，保证清清楚楚交到居民手上。”  本报记者  杨洁    第5计    “金刚”变形    消防车变消杀车    “常居室内要通风，消毒杀菌很必要。手机电梯门把手，细节预防要做到。戴好口罩和手套，科学洗手莫忘掉。”这两天，浦东新区高桥镇西新村村民们发现，西新村来了“新式武器”。一辆红色的微型消防车“变身”消杀车，一边播放着防疫宣传内容，一边“吞云吐雾”行驶在马路上消杀周边道路环境。    高桥镇好几个村都用上了这个“新式武器”。西新村党总支书记朱勤华介绍，该村地处高桥镇西北角，村民居住分散。面对疫情，西新村村委充分利用村域内微型消防站优势，深挖微型消防车在抗击疫情中的作用。别看它“身材小”，但在村里走街串巷行动自如；而且比小喇叭音量大不少，发出了“疫情防控最强音”。“这几天我们正好需要消杀环境，消防车空闲的时候被派上了用场；消杀的同时做好宣传，也让老百姓安心了很多。”    据了解，微型消防车每天早中晚3次，在村域范围内承担起路面环境消杀、防疫工作通知、日常消防提示3项重要任务。村民们感叹，村里有了抗疫“好帮手”！本报记者  宋宁华    第6计    “群”策“群”力    一楼一群全覆盖    “各位居民：为了预防核酸当天预约‘核酸二维码’的系统瘫痪，请大家务必在今晚前生成好二维码，保存至相册内，谢谢大家。”前天上午，长宁区华山居民区的一单元楼微信群发了一条群公告提醒。    “考虑到小区封控，居民的诉求增多，而居委干部人力有限，我们想到了在原有的小区微信群的基础上，以单元楼为单位组建了14个自治微信群，一楼一群，全覆盖。每群都由块长当负责人，还有不同的志愿服务，志愿者都由楼内居民担任。”华山路居民区党总支书记潘志歌介绍，志愿服务包括9项必选项，分别是：垃圾收运、快递处理、关心关爱特殊群体、买菜、核酸采样、配药、急救、焦虑情绪疏导、宠物二便管理。另外，还有1项可选项是外籍咨询。潘志歌表示，他们也是边干边挖掘志愿者，边干边有新的需求出来，慢慢梳理形成了现在的内容，受到了居民们的欢迎，群里互帮互助，发生了很多暖心故事。  本报记者  屠瑜,https://paper.xinmin.cn/html/xmwb/2022-04-02/7.htm,2022-04-02,第7版:上海新闻
,这些“急难愁盼”　在抗疫互助平台获解,本报“战疫·帮侬忙”全网关注度破2亿,    3月25日晚10时起，新民晚报在新民App、“新民帮侬忙”今日头条号、“新民帮侬忙”微信公众号等开通互助服务类融媒体平台——“战疫·帮侬忙”。截至昨晚10时，平台已开通一周。在7×24小时的与民分忧、为民解难中，已收到市民求助、咨询等诉求3463件。78位封控孕妇待产、5岁恶性肿瘤男孩化疗、危重急救病人血透、癌症老人跨江取药……这许多疫情下的“急难愁盼”在本报记者推进下，已得到解决。    目前，平台在今日头条号、微信公众号上的总曝光量达4817.75万。3月31日下午2时，“战疫·帮侬忙”在抖音上开设“上海疫情互助”入口，在线收看量达1.8亿。多个平台数据相加，“战疫·帮侬忙”全网关注度已破2亿。    那么，“战疫·帮侬忙”到底帮了些什么忙？到底能帮什么忙？今天，我们撷取部分“微帮忙”案例，虽然只有短短的三言两语，但却有满满的“心往一处想、劲往一处使”的担当和责任。“会好的，一切都会好的！”这些天，我们听到的多是这样的话语。众志成城、共克时艰，有了每个人的信心加持——帮侬忙，阿拉一定帮上忙！    血透急救    1.浦东新区高行镇华高苑李老伯求助，自3月27日起已多日没有血透治疗，以致血压升高，呼吸急促，夜不能寐。之前，他在复旦大学附属华山医院（江苏路分部）一周三次做血透，小区自3月16日封控之后辗转被安排过公利医院、浦东医院等，但医院预约、闭环转运都成了问题。记者了解情况后，帮助李老伯预约了原华山医院（江苏路分部）定点医院，并告知向街镇求助安排转运。当天下午5时30分许，高行镇派出所陈警官驾驶110警车接送李老伯。  本报记者  王军    2.浦东新区航头路1137弄池鑫苑的李女士求助，儿子尿毒症每周要做三次透析，但原先定点的闵行区医院已遭封控，浦东仁济医院又预约已满，120救护车还需排队等待。本报马上联系李女士了解情况，目前在居委会的帮助下，问题已经得到解决。  本报实习生  姚储杰    3.浦东新区周浦镇年家浜东路129弄印象春城的游先生求助，自己每周要做血透治疗，还有肾衰竭、心脏衰竭等疾病。原定血透时间已经被推迟四天了，但仍在排队等待。本报立刻联系到游先生了解情况。之后在居委会帮助下，他的血透治疗终于被安排上了。本报实习生  姚储杰    4.浦东新区川沙镇妙栏路353弄的吴先生求助，父亲因小区封控无法去医院接受血透治疗。本报马上帮助联系相关部门，最终在小区居委会协调下，吴先生父亲被接至上海市浦东医院完成血透治疗。本报实习生  姚储杰    5.浦东新区德州路255弄的夏女士求助，85岁高龄的母亲是一位需要血透治疗的病人，每周要在复旦大学附属华山医院进行两次血透。3月22日之后，因封控未能在要求的3月25日去定点医院接受血透治疗。母亲血压升高、呼吸急促，夜不能寐。本报马上联系夏女士，在多方联系后由救护车送往复旦大学附属华山医院进行治疗。  本报实习生  姚储杰    6.静安区三泉路兴泉小区的陈女士求助，65岁的母亲身患尿毒症，每周3次透析。但小区封控，不能及时就医，3月30日老人已神志不清，还伴有发烧。属地居委会已为患者抓紧上报。3月31日下午，经记者多方联系，多部门全力努力，患者在上海市静安区北站医院接受了血透治疗。本报记者  夏韵    7.静安区岭南路15弄的苏先生求助，每周要去医院做三次血透，但小区封控无法出门。身体情况已很差，三天只吃了一碗饭，不敢多吃不敢喝水。本报马上联系，3月31日在属地街道帮助下，苏先生被接至医院进行了血透。本报实习生  姚储杰    8.长宁区平武路36号仁达公寓的唐女士求助，80岁老父亲要去医院透析治疗，已向当地居委会作登记。但楼栋管控，实施“足不出户”。紧急就医还要联系社区卫生中心开具出门证。3月30日，在记者联系下，3月31日凌晨1时半，唐女士和父亲拿到了当地居委会开具的出门证，上午前往同仁医院接受透析治疗。本报记者  夏韵    9.浦东新区的姚女士求助，父亲持续血尿，血小板低，3月26日被送至仁济东院急诊留观。新冠检测后，遂转至急诊内科病房隔离。血液科专家怀疑是白血病M3，随时有生命危险。但急诊内科隔离病房没有相应治疗条件，院方表示转院才可治疗，但转运车辆一直没有联系上。记者介入后，目前姚女士父亲已被送往指定医院隔离救治。  本报记者  季晟祯    生活保障    1.闵行区莲花南路银莲小区的何先生求助，已经封控在家18天，家中人口较多，有2个幼童，但线上购物运力有限，一直抢购不到菜，希望得到帮助。记者立刻帮何先生联系了相关部门，提供了买菜渠道。3月31日回访时，他告诉记者，一方面，自己通过一些渠道买到了菜，另一方面，政府部门也已准备发放抗疫生活物资。  本报记者  马丹    2.家住浦东新区北蔡镇绿川新苑的黄先生求助，小区封控管理已近两周，不少小区居民不知道该如何保障蔬菜等生活必需品，非常焦急。记者立即联系北蔡镇相关部门，三个小时后在镇政府、小区居委会的协调下，小区居民们及时获得了购买蔬菜、粮油等生活物资的有效渠道。  本报记者  杨玉红    3.闵行区宾川路380弄汽轮三村79号的鲁女士求助，独居的父母已年过八旬，已经好几天买不上大米、蔬菜和肉类，家中即将断供。老人既不会使用智能手机，又“抢”不到菜，希望能够得到及时帮助。记者立刻介入，向相关部门了解买菜渠道。3月31日，记者回访时，鲁女士表示，居委社工已协调相关渠道，买了蔬菜和肉类给老人们送上门。本报记者  徐驰    4.浦东新区三林镇大道站路94弄数十位居民求助，自3月14日起小区实施封控管理已19天，各类生活物资采购遇困。记者了解情况后，与三林镇取得联系，得知生活保障物资已经在途中。因该小区有4100户，居民1万多人，正在调配人手和运力，准备相关分发工作，今明两天将物资送达居民手中。本报记者  王军    防疫管控    1.徐汇区徐家汇街道文定路211号泰德花苑星座居民求助，楼栋采取封控措施，但两天来还有人下楼取餐取外卖。得知情况后，记者马上联系街道居委会，相关部门连夜加强相关封控措施。派出所警官上门对相关人员进行训诫，并加强管控措施；增加保安24小时值守，并承担起送餐服务；对楼栋包括电梯等公共区域多次消杀；居委会上门做好宣传教育。  本报记者  王军    2.浦东新区的张女士求助，她和9个月大的宝宝因为发热，在家中老人陪同下前往医院发热门诊就诊，现场核酸显示异常，于是一直在发热门诊临时点等待转运。两人发烧已到38℃，老人也出现咳嗽症状，三人仍在等待转运。记者及时反映后，问题得到妥善解决，病人被送往隔离点救治。本报记者  季晟祯    紧急求药    1.浦东新区西镇小区的何女士求助，残疾的父亲需配诺和灵胰岛素30r，要到黄浦区小东门社区卫生服务中心去配，但由于父亲居住在浦东博山小区，封控后因交通管制，无法越江往来。4月1日，记者通过电话得知，问题已得到解决。  本报记者  杨硕    2.浦东新区高桥镇的陈女士求助，家中73岁的老母亲患有阿尔茨海默病，需要长期服药。小区仍在封控，眼看要断药了，急需奥氮平和齐拉西酮这两种药。在记者努力联系下，4月1日下午，当地居委会为陈女士开具出门证，陈女士终于去医院为母亲续上了救命药。本报记者  陆常青    3.浦东新区金杨新村街道金杨三村的居民江先生求助，因为小区封控，家中身患恶性卵巢肿瘤的老母亲遭遇“用药难”：靶向治疗药即将吃完，急需药物。了解情况后，记者联系了相关部门。4月1日上午回访时，江先生表示，求助之后，120急救车驶入小区，护送老母亲前往相应医院配药。    本报记者  徐驰    4.来沪就医的苏女士求助，其55岁的大伯患胰腺癌晚期，肝处多发转移。他被浦东新区东方医院急诊处暂时收治，急需注射血浆、白蛋白、抗生素等药物进行抢救。记者随即联系相关方面，4月1日上午获悉，院方已调配药物，病人有救了。  本报记者  季晟祯    5.浦东新区三林镇西泰林路480弄浦发御园的季女士求助，父亲因骨髓纤维化严重贫血，一周需三次注射针剂，否则会出现心脏问题，现在家中注射针剂用完，但因封控管理，无法出门购买。3月30日，记者了解情况后，在居委会的帮助下，她买到了注射针剂。本报记者王军    本版图片由受访者提供,https://paper.xinmin.cn/html/xmwb/2022-04-02/8.htm,2022-04-02,第8版:战疫/帮侬忙
,下楼做核酸，129人忘带钥匙,友情提醒：出门前除了戴口罩，千万别忘了带钥匙，煤气关火电器断电,    “我们夫妻俩上午出门做核酸，钥匙都忘了带，现在附近开锁的也没有了，厨房灶上还烧着东西，快烧干了，很危险。能不能快点来帮我们开下门！”    昨天一早，徐汇消防救援支队的宋子文接到这样一条求助警情。他马上带队赶到报警人所在中山南二路508号泰莱大厦，在尽量减少损害的前提下，通过破拆将门打开，及时关掉煤气灶，帮这对小夫妻化解了一场可能的火灾隐患。    记者从上海市消防救援总队了解到，4月1日凌晨3时起，第二批核酸检测筛查区域进入封控管理。广大居民纷纷响应，配合社区开展核酸检测工作。但许多居民着急出门做核酸，忘带家门钥匙被锁门外的事屡有发生。截至目前，上海消防救援总队指挥中心共接到129起开门相关警情。    宋子文告诉记者，这波疫情以来，徐汇消防救援支队专门组建了一支“抗疫小分队”，专门负责开门、高空取物等警情。“昨天浦西这边封控做核酸第一天，开门警情特别多，光我们这辆车就接到7个开门求助类警情，从早上一直忙到下午。今天不做核酸，一起开门求助也没有接到。”    据消防部门介绍，最尴尬的一起警情发生在3月30日，一名女子在楼下做完核酸检测回到家，发现没带钥匙。因为老公在外地工作，家中只有她一人。无奈之下，她只能求助楼下的志愿者。志愿者拿着电锯，想尽办法帮忙把锁锯开，女子总算回到了家中，没想到随后又出现戏剧性一幕，原来这名女子已经给老公打过电话，但事后忘了说门已经锯开，老公开车从外地赶回来送钥匙。    昨天，普陀区消防救援支队也接到11起求助警情，不少小区频现“大白版”消防员破门作业。4月1日上午8时26分，普陀区南大街8号一老人出门做核酸忘记携带钥匙，消防救援人员到场后破窗进入。上午9时17分，普陀区白丽路701弄51号602室一老人出门做核酸忘记携带钥匙，小区为隔离封控区域，只得拨打报警电话，消防救援人员到场后将窗户破开进入房门帮老人开门。    上海消防部门提醒，核酸检测很重要，但出门除了记得戴口罩，也千万别忘记带钥匙，出门前还要记得关火、断电，确保家中安全。  本报记者  潘高峰,https://paper.xinmin.cn/html/xmwb/2022-04-02/9.htm,2022-04-02,第9版:上海新闻
私家车送物资  一个月未归家,奔跑乐手  月行万里,,"    昨天，是上海浦西地区实行封控的第一天，上海街头艺人、吉他歌手林晓明作为抗疫志愿者还奔忙在路上。一个月来，他平均每天都要开车200来公里运送物资。“我从3月8日就开始义务帮助一些医疗单位运送医疗物资，配送到全市需要的地区。这两天，我拿到了市经委审核批准发放的全市重要物资保障通行证后，每天也一直在路上。”    除了林晓明之外，还有华俊等一大批街头艺人放下乐器，暂别城市舞台，穿上防护服加入到抗疫志愿者的队伍中去。据悉，除了他们，还有一些街头艺人分别在居住所在地配合街道当上了志愿者，为左邻右舍的居民们提供防疫服务。    万里路，送物资救“战友”    今年，是林晓明从故乡江西来上海的第十年，他从2018年起成为了上海持证街头艺人。去年，他不仅成为了首批获得“上海城市艺人”授牌的16名街头艺人之一，还向组织递交了入党申请书。    面对今春突如其来的疫情，经过商量，市演出行业协会决定从3月9日起，暂停街头艺人的现场表演。尽管演出暂停，林晓明却依然想为这座城市贡献一点自己的力量。“我是中医大学毕业的，结合我本人学的专业，去了我家附近虹口区的一家核酸检测点报名当一名抗疫志愿者。”林晓明说，“我的工作主要是开着自己的SUV,帮忙运送一些医疗器材。”    起初，路上车还很多。林晓明要从周浦等地把器材运到虹口，最多的时候一天要开8个来回，也只有等红绿灯的时候，才有时间从副驾驶的椅子上拿过盒饭扒上几口。有时候器材来得很晚，凌晨2点多才到，他帮着搬运送到检测点后已经快4点了，回家休息几个小时，10点钟他又准时出现在了工作岗位上。    “一开始，这样的工作节奏和我们做街头艺人的作息还是不一样，但调整了几天后就适应了。”林晓明从不抱怨辛苦。但人人都知道，做一名抗疫志愿者很累。3月20日那天，林晓明所在的医疗检测点里一位志愿者在连轴转了几天几夜后，累倒了。林晓明第一时间把“战友”送到了附近的岳阳医院，好在有惊无险，很快大家又并肩作战了。    3月28日，浦东地区实行封控，林晓明所在的检测点拿到了全市重要物资保障通行证，他也继续奔忙在路上。“除了送物资，我还送了一些医疗专家到浦东去抗疫第一线。”林晓明说，“我来自江西革命老区，应该发扬老一辈革命家的精神，敢于奉献乐于奉献。能为全市疫情的防控工作做些微薄的事，使我感到自豪。”    一个月，未归家盼相逢    和林晓明一样，作为抗疫志愿者奋斗在抗疫第一线的街头艺人还有华俊。2015年，上海交大毕业的华俊成为了上海第二批持证街头艺人。平日里，他一边按质按量完成梅陇文化馆群众文化工作，一边化身音乐王子，在静安公园广场优雅地吹奏萨克斯。    “我3月6日就报名加入了梅陇这边的抗疫志愿者队伍，为小区居民分发食品物资，协助他们做核酸……都是一些平凡的工作。”华俊说，“上海是我故乡，我生在这里。我们暂时不能为大家演出，也只能通过做抗疫者，为这座城市做一点自己小小的努力，也不觉得辛苦。”    从报名到现在，华俊没有一天回过家，“虽然我们志愿者睡地铺、睡袋，但上海的物资后勤保障很充分，没有什么问题。”华俊说。家里刚上小学的儿子上网课，“网课只能靠他妈妈了，因为有时候我们忙起来就要到凌晨了，我只能抽空看看‘晓黑板’上的老师留言，不忙的时候和儿子连个线，叮嘱他认真上网课。”儿子也为爸爸加油，为爸爸骄傲，学校里老师问家里有没有人参加抗疫，儿子总是骄傲的举手。    “一个月没有吹过萨克斯了，我想经过我们大家的一起努力，不久我们的重逢不在抗疫的小区，而是在充满旋律的街头。”华俊说。    昨晚，林晓明给本报录制了一段视频，在视频中，他拿起久违的吉他，唱起了《明天会更好》。他说：“希望明天早点到来，我们还能在城市的转角，因为艺术相遇。”本报记者  吴翔",https://paper.xinmin.cn/html/xmwb/2022-04-02/10.htm,2022-04-02,第10版:上海新闻
卡塔尔世界杯分组抽签今晨揭晓,哪组 冤家路窄 谁人 一马平川,,    世界杯，又近了一步——北京时间今晨，2022年卡塔尔世界杯分组抽签仪式在多哈会展中心举行。四年一度的足球盛宴，32强座席各自排定，有“冤家路窄”，有“新仇旧恨”，也有“一马平川”，到底谁能一路杀出重围，成为最终的王者？    “死亡之组”出现    本届世界杯共有32支球队参加，分为8个小组。目前有29支参赛队已确定，最后三个席位通过今年6月的附加赛产生。根据国际足联最新公布的世界排名，参赛队被分为四档，东道主卡塔尔及世界排名最靠前的7支球队成为种子队。    由于德国、克罗地亚等被划分到了第二档次球队，因此也不可避免地会出现豪强小组赛中就提前遭遇的局面。而这届世界杯的“死亡小组”，当之无愧地属于E组：德国、西班牙两大前世界杯冠军球队狭路相逢。    历史上，德国曾4次捧起大力神杯、3次欧洲杯登顶；而西班牙在过去十几年也风头无二，除了2010年南非世界杯历史性夺冠之外，同样在欧洲杯三度摘魁（包括2008年、2012年欧洲杯）。从目前的世界排名来看，西班牙第7，德国队第12，都是属于争冠的第一集团。他们在小组赛的直接对话，必然成为最精彩的看点。    在其余几个小组，也有豪门碰头，比如C组，阿根廷碰上了墨西哥、波兰，都是难缠的主，其中梅西与莱万多夫斯基两大世界一流射手的直接对抗，也颇为吸引眼球；而G组中，五星巴西与塞尔维亚、瑞士、喀麦隆同组，塞尔维亚在世预赛中力压葡萄牙获得小组第一，瑞士也挤掉意大利出线，在欧洲杯上瑞士还曾淘汰法国。有意思的是，这是继2018年俄罗斯世界杯之后，三支球队再次分在同一小组。    东道主享利好    2022年世界杯是历史上首次在卡塔尔和中东国家境内举行、也是第二次在亚洲举行的世界杯足球赛。除此之外，卡塔尔世界杯还是首次在北半球冬季举行、首次由从未进过世界杯决赛阶段的国家举办的世界杯。    对于耗费了大量经费申办、承办的卡塔尔而言，国际足联自然也会给予一定的“照顾”。这次分组抽签，亚洲球队的签位普遍不佳，东道主算是运气最好的，他们与厄瓜多尔、塞内加尔、荷兰同分在了A组。    这个小组中，第二档的荷兰队如今的实力早已没有当年“无冕之王”的模样，甚至都只能算是欧洲的二流强队；塞内加尔虽是新科非洲杯冠军，却也下滑严重，本届非洲区世预赛最后只是通过点球大战险胜埃及队才幸运晋级；至于厄瓜多尔，卡塔尔也完全有能力与之一掰手腕。    其他几支亚洲球队，基本上可以说“命运悲惨”。谁和西、德同组，出线将变得非常困难，偏偏亚洲冠军日本就分在了E组。此前日本队主帅森保一表示，本届世界杯日本队的目标是改写球队在世界杯上的历史，至少打入8强，目前来看，这一目标恐怕很难实现。    拥有孙兴慜的韩国队，三个对手分别是葡萄牙、加纳、乌拉圭，可以说场场都是硬仗；而沙特则陷入阿根廷、墨西哥、波兰的包围；上届世界杯表现抢眼的伊朗队，要遭遇英格兰、美国，希望恐怕也不大。    所以，亚洲球队想要在本届世界杯上有所表现，还真得寄望占据了天时地利人和的东道主卡塔尔，身为2019年亚洲杯新科冠军的他们，或许将成为能够杀入16强的亚洲“独苗”。    本报记者  关尹,https://paper.xinmin.cn/html/xmwb/2022-04-02/11.htm,2022-04-02,第11版:文体新闻/体育
,水边丽人来相会,,    本报记者  王蔚    明朝是农历三月初三，上巳节。可能现在有很多人认为，这是一个比较小众的节日。要晓得，勒老早农耕社会，这又是一个邪气隆重和浪漫的节日。杜甫的《丽人行》留下了“三月三日天气新，长安水边多丽人”的优美诗句。    先请大家猜只谜谜子：与蛇共处，打一个字。答案是“巷”字。仔细看，巷字的下半部不就是“巳”吗？格么，为啥“巳”就是蛇呢？这是因为三月上旬的第一个巳日，称为“上巳”。勒十二地支当中，巳排第六位，又可以表示十二生肖中的蛇。有一种传说，认为上巳节是起源于纪念轩辕黄帝的节日。相传三月三是黄帝的诞辰，中原地区有“二月二龙抬头，三月三生轩辕”的说法。    还有一种传说。古代勒春秋两季，汉民族有到河滨举行祓除不祥的祭礼习俗。春季勒三月上旬的巳日举行沐浴活动，因此，上巳节也被叫作“春浴日”。大家相信，勒这一天沐浴可以祓除疾病，清洁身心，称为“祓禊”。    勒魏晋时代，上巳节逐渐演化为皇室贵族、文人雅士们临水宴饮的节日，并由此派生出上巳节的另外一项重要习俗——曲水流觞。大家坐勒水边，拿盛满酒的觞摆勒流水上面，任其顺水漂流，停勒啥人面前，啥人就要拿起酒杯一饮而尽，并赋诗一首，否则就要罚酒三杯。历史上最出名的一次“曲水流觞”活动，要数王羲之与好友勒会稽举行的兰亭集会了。王羲之乘兴而书，成就了书文俱佳、举世闻名、被后人称赞为“天下第一行书”的《兰亭集序》。    勒中国，有好几个女儿节，每年农历三月初三、五月端午、七月初七侪被称为女儿节。所以，上巳节也是女儿节。小姑娘穿上漂亮的衣裳，临水而行，踏歌起舞。相传，古代汉族少女一般会勒这一天举行成人礼，叫作“笄礼”。笄就是古代束发用的簪子。既然是女儿节，女红又是少不脱的。勒古代的松江地区，顾绣一直是女儿们的必备功课。针尖起舞，以画入绣，反映了姑娘的心灵手巧。直到现在，作为上海市非遗进校园传习基地的松江区三新学校，还专门开设了顾绣兴趣班，让这个国家级非物质文化遗产得以发扬光大。    有趣的是，上巳节还是中国几大传统的情人节之一。农历三月初三，春暖花开，草长莺飞，正是男女约会定情的佳期。《诗经·郑风·溱洧》描写了三月上巳日青年男女勒溱水和洧水岸边游春的情景。诗中写道：“维士与女，伊其相谑，赠之以勺药。”单身男女如果情投意合，就以芍药或兰草互相赠与，从而形成了“芍药定情”的上巳节保留节目。芍药中的“药”通“约”，芍药就成了男女之间定情的象征。所以，上巳节可称为中国最正统、历史最悠久的情人节。    仲富兰    上海市民俗文化学会会长    勒原始社会，人们最基本的精神活动就是原始崇拜。上古社会的人们为了生存，小心翼翼地规避许多灾难，并衍生出许多的禁忌，这些禁忌对于节日风俗的形成，起到了推波助澜的作用。比方，每年春季正是瘟疫容易流行的季节，人们采取祓禊防疫，这就是农历三月三上巳节的来历。    毕旭玲    上海社会科学院文学所民俗与非遗研究室主任    古代龙母在河边意外怀了龙子的传说，与上巳节俗也有关系。龙母传说的典型情节中有“水”和“异物”两样不可缺少的么事。传说，上巳节这一天的活动主要是勒河浜、湖泊岸边，男女青年互赠礼物，有求偶、求子、求寿的含义。,https://paper.xinmin.cn/html/xmwb/2022-04-02/12.htm,2022-04-02,第12版:我们的节日
,春天茶事,,    采药    按照原定计划，此时我应该在某处高山茶园，体验清明前采摘新茶。孰料疫情和“倒春寒”同时到来，出门成了难事，与合作伙伴一商榷，他倒是豁达得很：“既然赶不到‘明前’，就改‘雨后’吧！”    行程一改，这一季的新茶大概要过些天才能喝到了。不过我向来喜欢陈茶，居家多暇，取出亲戚家自种自采的烟熏陈茶，沏上一壶，在回甘中体会着“资深”的春意，更得其宜。    饮陈茶的习惯是少年时养成的。记得每天上学前，母亲拿陈茶沏满大陶罐，冷却后灌入大锡壶中，让我背去学校饮用，还说小孩不宜喝新茶，伤胃。实则新茶中茶多酚含量高，刺激性强，母亲这一做法倒是经验之举。    在学校运动量大，水也喝得多，课上难免要多举手几次，因而经常挨老师批评。后来读知堂的《儿童杂事诗》，有一首写道：“带得茶壶上学堂，生书未熟水精光。后园往复无停趾，底事今朝小便长。”顿觉写得形象极了。看来当年三味书屋里的学生，同样饱尝饮茶三味，无怪乎知堂能写出“同二三人共饮，得半日之闲，可抵十年的尘梦”这样绝佳的句子。    知堂所好的是“清泉绿茶”，这是茶之正宗，刘禹锡《西山兰若试茶歌》写道：“山僧后檐茶数丛，春来映竹抽新茸。宛然为客振衣起，自傍芳丛摘鹰觜。斯须炒成满室香，便酌砌下金沙水。”记载山僧炒新茶待客，极为形象。单从诗句来看，只有炒青一道工序，未经发酵，滋味很单纯，好在兰若主人专采“鹰嘴”一般的嫩叶，想来还是颇为适口的。    饮茶一旦成了习惯，就很难改变，这一点唐代的人已经有过深刻体会——早在刘禹锡写下这首诗之前半个世纪，唐德宗开始征收茶税，当年就收到四十万贯之多，刘禹锡的好友白居易也有“商人重利轻别离，前月浮梁买茶去”的名句，可见其时茶已不是可有可无的嗜好，而是大多数人生活的一部分了。    嗜好与生活，原本是两种截然不同的滋味。    我虽然从小饮茶，却一度不喜欢上茶山，总以为茶园是很无聊的去处，齐胸的茶树，一无果实可吃，再无春花可看，采茶这种需要耐心与细心的活计，耗时长又收获不多，往往令人沮丧。    直到有一回送年迈的亲戚回老家，恰逢春茶收获的时节，亲戚放下行李，就拿出竹篓子，直往茶山上去，她原本步履蹒跚，一入茶园，就跟换了个人似的，指如刺绣拨弦，飞快地采摘茶叶的嫩芽，口里还念叨着说：“这茶叶就跟小孩一样，一天一个样子，不赶紧摘下来，耽误了时间，就是浪费老天爷的心血哩！”    我一边替她拎着竹篓子，一边听着她的絮叨，感受茶园里春风拂面，鸟鸣虫闹，突然就对茶园里没有果实、没有花朵的茶树生出了好感，或许真正打动我的，是老人家那份不违农时的真切吧。    及从茶园里下来，老人非要送我一罐自制的茶叶，还特别强调这茶叶经过烟熏，“不燥人”。盛意难却，我只得收下，当时也没太在意，过后偶然沏上一壶，不仅滋味醇厚，而且捎带着土茶特有的烟熏味，和少年时每天喝的陈茶毫无二致，顿时就重新“上瘾”了。    我也说不清自己惦记的，究竟是茶，还是少年时那份简简单单的温馨味道。    今年春已过半，茶园里的茶树大概也等不及了，希望这一波“倒春寒”早些过去，好赶上谷雨时节，在布谷鸟的啼声中，去采一拨滋味更深的“雨后”茶。,https://paper.xinmin.cn/html/xmwb/2022-04-02/13.htm,2022-04-02,第13版:夜光杯
,珍惜资源,,    南妮    冰箱里过年时储存的各类崇明糕、宁波年糕、本地方糕有好多，新鲜劲儿过了后，在零下18摄氏度的冷冻格里冻成了冰箱的固定零件，照寻常的习惯，清明到来之前，肯定多半给扔了。如今，早餐买面包不那么方便时，就一样样拿来吃。粮食的好味道，还是那个味道，核桃红枣料子足足的崇明糕，片片切好小袋装起的，仍然“字正腔圆。”——这不禁检讨起以往的习惯，以吃新鲜为名，浪费了多少好东西！不禁想起看来的一个趣闻：专门吃过期食品的一个外国流浪汉，什么毛病也没有。    开了半盒的饼干罐，吃了三分之一的核桃芝麻粉，一袋袋未开封的蓝莓坚果燕麦酥，剩下的3个台湾太阳饼，还有放了两年的绿茶，未开封的今年要过期的乌龙茶，奄奄一息的数个苹果橙子……突然以全新的、珍贵的面目出现在眼前。在我们以热爱生命的名义，食不厌精、好上加好的现代高效生活里，我们其实也在进行大量浪费。“买买买！”——买的过狠与骄纵替代了真正疼惜食品的柔软与节敛。    疫情让我们切身地体会到珍惜资源是必需的。“挤兑”——医疗资源怕“挤兑”、生活物资不要去“挤兑”。“挤兑”是个令人感觉不安全的词汇。而浪费作为挤兑的对立面，是不是一个安全过了头、虽不涉道德，却应该被人诟病的词呢？    珍惜资源的另一个层面，就是无比地去珍惜你看重的友情。以往在喧哗之中的社交，其实很多是无效社交。所谓的派对有聚集欢乐的自我释放，加重友情的互动升温，但又何尝不包括出于社交礼貌与应酬负担，何尝不包括传流八卦与议论是非。“酒肉朋友”，——酒肉是产生不了朋友的。真正的朋友，他永远在你的心间。那个恰恰好的位置。同一个城市十年没有见面，但你一旦需要，他立马回应。一旦见面，就如昨天才分手。能够承受孤独的个人，也才恰能有深具质量的友谊。暗自成长，才能彼此欣赏。    觉得小说《繁花》好，光“不响”这个词，就激起人们无数的愉悦、感想、反省、探究，至今还是网红。在不该发声时不响，在应该作声时也不响；在尴尬时不响，在得意时更不响；在听闻八卦时不响，在被奉迎拍马时也不响……善于不响，就是善于做人。真正的幽默留待知音。真正的学问用于自赏。真正的情谊貌似遗忘。    又想到浪费这个词。有的浪费是会无比赞美的。他可以借你几十万人民币买房子的首付款，而你没有借。她可以安排你孩子进她的公司，而你没有找。学长前辈可以提拔你跃层升职，但你只是点头微笑。    你在意的资源，如果是真正纯精神的资源，你一定允许它物质形态的被浪费。,https://paper.xinmin.cn/html/xmwb/2022-04-02/14.htm,2022-04-02,第14版:夜光杯
一季度沪深股市出现大幅调整,不必恐慌，春天临近了！,,    首席记者  连建明    今年第一季度，沪深股市出现大幅调整，上证指数最低逼近3000点大关，一季度最大跌幅达16.9%，创业板指数更是创出历史第二大季度跌幅。资本市场波动引发市场高度关注，3月16日国务院金融稳定发展委员会召开专题会议，会议提出保持资本市场平稳运行，随后一行两会推出积极举措，A股市场出现“政策底”。各机构普遍认为目前A股进入底部区域，申万宏源认为大底部对应大机会。因此，不必恐慌，春天必然会来。    主要指数跌幅较大    上证指数今年1月4日以3649.15点跳空高开，摸高3651.89点后就一路下跌，这个高点也是一季度的最高点。1月份连续跌破3600点、3500点和3400点3道大关，报收3361.44点，1月份跌幅为7.65%。    2月份上证指数以3407.76点跳空高开，留下一个跳空缺口，2月份报收3462.31点，当月上涨3%。    3月份再次快速下跌，上证指数以3471.36点开盘后，急剧下跌，3月16日最低跌至3023.3点，3000点大关岌岌可危。好在此后出现反弹，3月份最终报收3252.2点，3月份跌幅6%。    这样，一季度上证指数收出大阴线，从去年底3639.78点到今年3月最低的3023.3点，一季度最大跌幅达到16.9%，好在此后有所回升，以3月收盘指数计算，今年一季度跌幅达到10.65%，是两年来最大的季度跌幅。    深市跌幅更大，深证成指一季度以14935.23点开盘，最低跌至11331.23点，3月底报收12118.25点，一季度跌幅高达18.44%，创下2016年以来最大季度跌幅。    创业板指数一季度以3348.13点开盘，最低跌至2462.17点，3月底报收2659.49点，一季度跌幅为19.96%，创下历史第二大季度跌幅，历史最大跌幅是2015年三季度的27.14%跌幅。    一季度跌幅的确非常大，将上一轮上涨行情的成果一半抹去了。从2019年1月开始，沪深股市出现一轮持续三年的上涨行情，上证指数从最低2440.91点上涨到最高3731.69点，上涨了1290点，今年一季度最低跌至3023.3点，基本上把三年涨幅的一半跌掉了，已经回到2020年6月底的位置。深证成指和创业板指数基本上也是回到2020年6月底7月初的位置，回吐上一轮上涨行情一半。    这些数据显示，今年一季度的下跌是一轮比较大的调整，是对之前三年行情的调整，而且，以一种快速下跌的方式进行。上证指数和深证成指都出现历史罕见的年线3连阳后，今年出现调整并不意外，但是，如此快速下跌，且跌幅那么大，的确出乎大多数人预料。    “政策底”已经出现    今年以来A股大幅下跌，与多种不确定因素有关。从全球看，俄乌冲突带来全球石油等大宗商品价格暴涨，加大了通胀预期，给今年全球经济蒙上一层阴影。从国内看，今年经济面临较大压力，近期疫情防控形势严峻。这些都是股市不利因素。但是，如此快速下跌显然也有点恐慌过度。    关键时刻，有关部门出手了，股市迎来“政策底”。3月15日是这轮下跌以来跌幅最大的一天，上证指数下跌4.95%报收3063.97点。3月16日上午，大盘继续下跌，上证指数最低跌至3023.3点，下午开市，一个重要消息传来：国务院金融稳定发展委员会召开专题会议，研究当前经济形势和资本市场问题。会议提出，保持经济运行在合理区间，保持资本市场平稳运行。金融委会议精神给投资者吃下“定心丸”，下午大盘强劲反弹，上证指数当天大涨3.48%报收3170.71点。    随后，央行、证监会、银保监会立即举行会议，就抓好贯彻落实进行研究部署。3月16日晚，一行两会纷纷发布相关措施。央行表示，进一步加强部门间政策协调，及时回应市场关注的热点问题，稳定预期，提振信心，保持中国经济平稳健康发展，共同维护资本市场的稳定发展。证监会对化解房地产企业风险、香港股市、中概股等热点问题进行回应，表示发挥市场内生稳定机制作用，大力推动上市公司提高质量，鼓励上市公司加大增持回购力度，引导基金公司自购份额。完善有利于长期机构投资者参与资本市场的制度机制，加大对公募基金等各类机构投资者的培育，鼓励长期投资、价值投资。银保监会表示，积极出台对市场有利的政策。引导保险机构将更多资金配置于权益类资产。3月21日召开的国务院常务会议，听取了国务院金融委汇报，指出要高度重视国际形势变化对我国资本市场的影响。维护资本市场稳定、保持平稳健康发展。    这些举措推动大盘继续反弹，3月17日A股全线高开继续上涨。而且，这波反弹还波及香港股市以及在美国上市的中概股，这几天都出现大幅反弹。    显然，3月16日最低的3023.3点成为“政策底”，这一情景，与2018年10月19日颇为相似。2018年A股出现大幅下跌，2018年10月18日，上证指数下跌2.94%报收2486.42点。10月19日，中央政治局委员、国务院副总理刘鹤就当时经济金融热点问题接受央媒联合采访，一行两会三部门发声提出多项政策举措提振市场信心，这一天，上证指数走出深V走势，先是最低探至2449.2点，随后大幅反弹最终报收2550.47点，涨幅为2.58%。    2018年10月19日最低2449.2点是“政策底”，今年3月16日的3023.3点显然是又一个“政策底”。    目前已是估值底部    当然，“政策底”不等于“市场底”，但历史经验显示，两者往往相差不是很大。就说2018年10月19日出现了“政策底”——2449.2点，之后大盘开始反弹，到2018年12月大盘再次下跌探底，2019年1月4日出现本轮行情的最低点2440.91点，然后，大盘出现一波持续三年的行情。显然，2019年1月4日是“市场底”，这个“市场底”与“政策底”时间上差了两个多月，但位置上差不多——仅仅差了9点。    这一次，“政策底”已经出现，也许还有一个“市场底”。事实上，纵观历史上的底部，往往都有两次探底，甚至三四次探底，因此，底部是一个区域。    不管“市场底”什么时候以什么方式出现，应该说现在已进入底部区域。衡量底部另一个重要标准是估值。研究历史上每次底部，可以发现尽管每次点位不一样，但市盈率水平都非常接近。    我们以上证指数为例，看看近几年几个底部的市盈率数据。    2008年10月底，当时上证指数从最高6000点下跌至1728点，是当时一个底部，当时上证指数市盈率14倍。    2014年4月底，上证指数2026点，是当时底部，随后产生一波一路上涨到5178点的跨年行情，当时上证指数市盈率为9倍。    2016年1月底，上证指数跌至2700点左右，是当时低点，当时市盈率为12倍。    2019年1月2日，上证指数2018年持续下跌后，这一天跌至2465点，是当时低点，上证指数市盈率11倍。    2020年3月23日，上证指数2660点，这是受疫情影响当时最低点，上证指数市盈率也是11倍。    纵观14年来上证指数几个底部，尽管位置不一样，但市盈率均在15倍之下，最低9倍，比较多的是11倍。    再看今年3月15日，上证指数为3063点，市盈率是15倍。由于2021年年报还没有披露结束，因此使用的是数据是2020年上市公司的业绩。2020年受疫情影响，上市公司业绩并不好，2021年上市公司业绩大幅增长，如果用2021年上市公司数据，实际市盈率估计也是11倍左右。    从目前正在披露的2021年年报来看，上市公司业绩不错。截至3月30日，877家公司发布2021年年报，这些公司2021年净利润总额为22311亿元，同比增长19%。如果算上已经发布业绩快报以及发布业绩预告的公司，按业绩预告下限计算，3410家公司2021年实现净利润总额为33519亿元，同比增长27%。显然，2021年上市公司业绩增幅应该达到两位数，这样，目前A股无论市盈率还是市净率，都处于历史底部。    大部分机构均认为目前A股进入底部区域。上周，申万宏源在上海通过网络平台举办“三十年峥嵘迈入新经济”——资本市场春季策略会。申万宏源研究A股策略首席分析师傅静涛表示：A股市场已“浴火”，待“重生”。3月中旬市场低点的长期性价比已可与几个历史大底相提并论。我们正在迎来一个大波段的底部区域，大底部对应大机会，但走出大底的过程往往是波折的。    还是那句话：冬天已到，春天还会远吗？,https://paper.xinmin.cn/html/xmwb/2022-04-02/15.htm,2022-04-02,第15版:新民财经
,“政策底”已现  “市场底”还有待夯实,,    自3月16日A股砸出个瞬间底部之后，近半个月来沪深股市进入了一个大箱体整理态势，上证指数在3023点至3279点之间拉锯，形成了这个箱体的地板和天花板，而创业板指数的天地板在2764至2462点之间，政策底已经明朗，而真正的市场底是要走出这个底部的箱体区间。    要走出这个底部区间，将政策底变成真正的市场底，这需要一系列的条件相配合，这些条件不外乎如下几点：    其一，市场需要以时间换取空间。底部是靠资金堆砌起来的，就目前的箱体整理而言，由于各类指数在市场一年来的平均持股成本之下，其幅度差不多在年线以下300多点的位置，这说明市场的获利盘所剩无几，持股的基本上都是套牢盘，这部分套牢盘的持股心态比较浮躁，浅跌时犹犹豫豫，大跌时落荒而逃，市场的磨底就是在这样的氛围中进行，所以修复市场需要时间，需要割肉盘的松动，这样股价才能夯实底部。    其二，二级市场的筑底还需要降低一级市场无止境圈钱的冲动。这几年来，一级市场高溢价发行已经成了一种市场形态，沪深两市的新股发行中签率只有万分之二三，似乎给市场一个完全供不应求的信号，实际上这是一种错觉，新股的中签率之所以如此之低，完全是与发行方法相关，一家小公司区区几千万股的筹码放到偌大的全市场中去抢，物以稀为贵，而不是公司估值带来的价值，最终的后果势必由二级市场来承担，这就是现在破发现象大增以及上市后股价长期高开低走的走势，十多年前创业板走势以及给市场提供过样板，现在的高溢价比10多年前有过之而无不及，所以未来的市场底部需要一级市场来配合的。北交所的新股发行价不断走低，就是市场投资者和融资者博弈的结果。    其三，市场底的构成说到底还要获得宏观基本面的支撑。今年的经济布局已经奠定，政府工作报告所确定的经济发展目标也已经分解到各地区各部门具体落实了，在这个分解方案中，我们看到了今年9月要组建金融稳定基金，也就是国家层面的平准基金，这对市场的筑底是一个利多的信息，今年的GDP增长的目标定为同比增长5.5%，这在当下应该说是很不错的目标了。但是前途是光明的、道路是曲折的，要达到这些目标还需要做很大的努力。疫情当下，对经济的发展究竟到什么程度还需要观察。所以与以往的筑底相比，这一波筑底行情是前所未见的，道理很简单，过往的股市筑底行情那都是在小市场中进行的，而如今已经跻身于市场股市之林的大市场，碰到的问题可能会更多，所以，对这波筑底行情的期待还是要多保持耐心。    上证指数3279点是底部区间的天花板，瞬间冲出这个天花板还不算是走出底部，只有将这个天花板踩在脚下成为下一个箱体的地板，这才是真正意义上的走出底部。股市如棋局局新。在当下的市场中，投资者还是要耐心，保持住自己资金的实力，在日后如果有大行情出现则意味着同等的资金可以买到更多的股票筹码，在箱体整理行情中耐心等待突破，在突破还未来临之际，选择自己手中已有的股票，来回倒倒差价，或空头回补或低吸高抛，这也是一种差价博弈的方式。应健中,https://paper.xinmin.cn/html/xmwb/2022-04-02/16.htm,2022-04-02,第16版:新民财经/股市大势
,数字人民币试点范围再次扩大,,    据新华社北京4月2日电（记者  吴雨）记者2日从中国人民银行获悉，在前期试点地区基础上，人民银行增加天津市、重庆市、广东省广州市、福建省福州市和厦门市、浙江省承办亚运会的六个城市作为试点地区，北京市和河北省张家口市在2022年北京冬奥会、冬残奥会场景试点结束后转为试点地区。    2017年以来，数字人民币研发试点稳妥推进，已在深圳、苏州、雄安新区、成都、上海、海南、长沙、西安、青岛、大连等地和2022年北京冬奥会场景开展数字人民币试点，基本涵盖了长三角、珠三角、京津冀、中部、西部、东北、西北等不同地区。    记者从人民银行了解到，目前数字人民币已在批发零售、餐饮文旅、政务缴费等领域形成一批涵盖线上线下、可复制可推广的应用模式，试点地区的用户、商户、交易规模稳步增长，市场反响良好。,https://paper.xinmin.cn/html/xmwb/2022-04-03/1.htm,2022-04-03,第1版:一版要闻
,上海明天全市进行核酸检测,今天全市进行一次抗原检测,    市卫健委一级巡视员吴乾渝说，上海正在推进新一轮核酸筛查工作，主要任务是彻底排除风险点、切断传播链，尽快遏制疫情扩散蔓延，尽早实现社会面动态清零。根据前期核酸筛查情况，决定今天在全市进行一次抗原检测，明天在全市进行核酸检测。    这次在第二批浦西地区抗原检测共计筛查超过1000万人，通过抗原检测发现了一些检测异常人员，第一时间进行核酸检测复核，有效阻断病毒扩散蔓延。    抗原检测的特点是速度快、操作简便，市民可以在家中完成检测。市卫健委提醒，大家在检测时要严格按照操作说明和操作视频。如果发现自己抗原检测结果为阳性，请第一时间向村居委报告并居家等待，工作人员会安排你进行核酸检测复核。同时，大家要注意，抗原自测后的鼻拭子、取样管、检测卡等废弃物都应装进密封袋中，结果阴性的消毒后投放到干垃圾桶内，结果阳性的在人员转运时交由医疗机构按照医疗废物处理。本报记者  左妍,https://paper.xinmin.cn/html/xmwb/2022-04-03/2.htm,2022-04-03,第2版:要闻
,导读,,    4月1日5时起，上海对浦东、浦南及毗邻区域实行分区分类、网格化管理。浦东新区老港镇、万祥镇、泥城镇除部分封控区外都列入管控区，浦东其他街镇为封控区。崇明区部分乡镇、松江区泖港镇暂时为防范区。    如何防范疫情不松懈，并做好物资保供，本报记者采访了管控区和防范区的居民、志愿者、农业带头人等……,https://paper.xinmin.cn/html/xmwb/2022-04-03/3.htm,2022-04-03,第3版:上海新闻
世博方舱医院今天起分批送走符合条件的出院者,“我战胜了病毒！ 我要出院了！”,,    方舱，出院！上海首个收治新冠肺炎轻症患者和无症状感染者的世博展览中心方舱医院运行满一周了。今天起，这里将分批有序送走符合条件的出院者。这批出院者将被各区接回属地，严格做好健康管理。    感染者讲述    安心隔离治疗  积极志愿服务    3月23日，34岁的王先生一家三口和他的父母均被通知接受集中隔离观察。“我是在医院做核酸检测时被通知异常的，当时心里很放不下妻子、8个月大的孩子以及父母老人。”王先生说，一开始听说自己是阳性感染者时，内心有点恐惧，不知道怎么会轮到自己的。单位领导给他打了电话，让他放轻松，不要有思想包袱，安心接受治疗，家里遇到一切困难单位都会想办法解决。王先生松了口气，26日就被送往世博方舱，收治在仁济医院医疗队管辖的片区。    王先生是中共党员，抱着“既来之则安之”的想法，他说自己要努力“转阴”，尽快回到家人身边。“第一次和这么多人睡一起，肯定不习惯，不过床、被子和各类生活物品都是全新的，环境也相对干净，男人嘛，不讲究那么多。”    在这里，王先生说他过上了养老院般的生活，一日三餐等送到手，不够还能再来一份；没事就跟家人视频，偶尔还要处理一些单位的工作联络事宜。在方舱，中西医的结合治疗得到了充分的发挥，他也跟着大家一起吃上了中药。除了吃东西，他平时都戴着口罩，包括睡觉也不摘下。“我看大家都是这样做的，好像很平常，而我也没有特别不舒服，习惯就好了。”    在方舱医院有一片活动区，没事的时候王先生都会去走走，锻炼一下身体，那里晒得到太阳，头脑放空的时候压力也就没了。王先生也从手机上看到了市委组织部给全体党员的倡议书，他说自己党龄10年，身体没有不适，完全可以站出来为大家服务。于是，他成为了一名活跃的志愿者，帮助护士分发三餐和瓶装水，搬运物资，协调附近人员的生活需求。“大白要照顾我们这么多人，非常辛苦，我们能帮就帮一点，找点事情做做，时间也很快就过去了。”在他生活的区域，大家都很乐意为他人服务，王先生笑说，有几次去晚了，都没抢到当志愿者，只能“享受”其他人的服务。    最大的困难是，硬件条件受限，这里不能改建淋浴设施，只能用热水简单洗漱。好在洗漱、上厕所都比较方便，也不需要排长队，其他人也都很谦让，看到后面有人等，总是加快速度，避免别人等太久。    从开始的紧张到后来的释然，王先生说这是他和病毒过招的初战告捷；而间隔24小时的两次核酸检测阴性，则是他期盼已久的胜利。“我战胜了病毒！我要出院了！”昨晚，他已整理好了自己的个人物品，将由所在区安排车辆接回。    “想家了，回去第一件事是洗个澡。”王先生向照顾他的仁济医疗队致谢，他说，目前家人都是核酸检测阴性，一切安好。乐观点看，每一段经历都有收获，特殊的“集体生活”也是不一样的体验。    总指挥讲述    困难肯定存在  我们一起努力    王先生所在的世博方舱医院，截至昨天共收治7100多名轻症患者和无症状感染者，有本市5家三甲医院的精锐医护部队进驻保障，包括仁济医院、上海第九人民医院、同济医院、上海市第一人民医院、上海儿童医学中心，这里已成立临时党委和临时党支部。    世博方舱医院总指挥、仁济医院党委书记郑军华告诉记者，根据奥密克戎变异株的特点，大部分人接受治疗或观察7至10天就可以转阴回家了。今天起，符合出院标准的人员将陆续分批、分区出院。“我们严格按照国家标准一个个对照，要求核酸两次阴性间隔时间要求24小时以上，连续三天体温正常，没有呼吸道症状。最终我们划定了首批名单。”    郑军华说，这批可以出院的人员涉及本市多个区，昨天已和各区完成对接确认，这些人员由属地管理，属地协调车辆将其接回妥善安顿。在出院管理方面，上海市政府成立了专班全面协调。如果其住所符合居家隔离条件，则可以在家进行7天健康管理；如果家庭本身条件不具备，则由属地落实住宿安排。    随着这批人员陆续离开，完成消杀工作，又将迎来一批新的人员入住。郑军华说，设置方舱医院收治感染者在上海属首次，跟他2020年带本市首支援鄂医疗队去武汉的场景是完全不一样的，所以这次只能边做边改善，从一开始的磨合期，到完善期，再达到提升期，离不开所有人的共同努力。    同时保障7000多人的医疗需求和生活需求，方舱医院面临着非常大的压力。“住进来肯定不如在家，困难始终存在。”郑军华希望告诉大家的是，隔离是暂时的，只要大家能够配合防控策略，积极乐观应对，很快就可以回家了。    本报记者  左妍,https://paper.xinmin.cn/html/xmwb/2022-04-03/4-5.htm,2022-04-03,第4/5版:上海新闻
,灵感不断“抗疫达人”亮妙招,,    昨天，本报记者从全市抗疫一线采集的“抗疫新36计”一经刊登，给不少一线抗疫工作者带来了新  的“灵感”，也有一些“抗疫达人”给记者分享了他们的实用妙招。今天，一起看看他们有什么好办法。    第7计    出码“神器”    二维码“批量生成”    在青浦区练塘镇东淇村，近三分之二村民都是60岁以上老人。他们不擅长使用智能设备，需要工作人员帮忙录入健康云核酸登记信息。    为了提高效率，“90后”小伙李思同想了一个好办法——他利用专业所学，编写出基于人口信息表之上的预约二维码批量自动生成程序，每个人的预约登记信息只要40秒即可生成，最多一次可以生成100张，不仅效率高，还能避免村委会工作人员人工输入老人信息可能会出错的问题。    利用这个程序，仅需一名工作人员，加上三台电脑同时运转，就能在5小时内生成村里全部1400余人的预约码。    现在，青浦、嘉定、闵行、浦东等区的近百个村居也已开始使用这个程序，极大地提高了核酸筛查信息登记的效率。本报记者  杨欢    第8计    因陋就简    自制“暗盒”快扫码    核酸检测之前，如何快速扫描预约的核酸检测登记二维码？昨天，记者在奉贤区金汇镇绿色家园小区发现，这里的核酸检测队伍用了一个自制的“暗盒”。这个“暗盒”，是一个顶部剪出长方形大小“天窗”，四周剪掉一个侧面的方便面盒。明媚春光中，居民将手机从剪掉的侧面伸进去后，随着志愿者手持扫描终端“嘀”地一扫，就可以取回了。    现场志愿者介绍，这个“暗盒”是几天前制作出来的。在此之前，他们发现，虽然居民们大都事先截屏了核酸检测登记二维码，但外面光线太强时，手机屏幕就相对暗了，屏幕上的二维码不容易被手持终端扫描出来——有时甚至要连续扫十来次才能成功。    而这样一个自制的“暗盒”，里面光线远不如外面强，此消彼长中，置于其中的手机屏幕就亮多了。为将“暗盒”内光线调到更好程度，并便于更好地查看手持终端屏幕，他们还给“暗盒”和手持终端打了一把伞。他们说，现在基本上都是一扫一个准，又快又安全。  本报记者  罗水元    第9计    高效亮码    刷身份证做核酸    根据市民通过杨浦区人民建议“疫情防控工作专项征集”通道提出的建议，针对老人在核酸检测中不会操作智能手机遭遇“亮码困境”的突出问题，杨浦区江浦路街道联系一家科技企业紧急研发攻关，借鉴在高铁车站刷身份证即可入站乘车的做法，开发出一款名为“智能核检通”的新设备。    “智能核检通”外形像POS机，老年人只要将身份证摆上去，设备即可智能识别，并自动接入“健康云”小程序，生成核酸检测登记二维码并打印出来。江浦路街道已经在几个小区进行试点，大大方便老人，加快了核酸检测速度。之后，街道还将继续优化设备的网络稳定性，更大范围推广这一做法。    本报记者  孙云    第10计    百宝“神箱”    应急物资派用场    这几天，在静安区芷江西路街道普善居民区，一只被称作“百宝箱”的旅行箱有点忙：它跟随居民区的工作人员，一次次来到疫情防控的现场“大显身手”——这里面，是居民区按照街道的部署和要求准备的防护服、护目镜、手套、口罩、免洗消毒液等应急物资，它可派上了大用场。    据了解，普善居民区有7名工作人员，而居民区党总支书记张磊准备的防护套装却有14套——接到封控通知的第一天深夜，赶到现场配合封控措施的物业公司人员看到社区工作人员全副武装，而他们却只有一只口罩的时候，张磊打开了拉杆箱，给需要在楼内作业的物业人员递上了防护装备。    一户人家的小孩发高烧，需要送医院就诊，“百宝箱”的两套防护装备又管用了，在120到来之前，让孩子和母亲早早防护到位，一刻没有耽误地被送到相关医院就诊。  本报记者  江跃中    第11计    防“漏”有方    实时表格微信填    核酸检测数据怎样才能做到一清二楚，才能确保一个不漏？金山区山阳镇海滨新城小区志愿者温海是蒙山中学信息科的教师，总结此前志愿服务的经验，他认为表格勾选这种传统做法会增加后期整理数据的工作压力。于是，3月29日晚上，温海运用自己所长，连夜设计制作了一张微信实时表格，内容包括小区楼栋号和室号，简单易懂——志愿者只要等在检测核酸的出口，就可以设置点位，进行线上登记。    3月30日上午，海滨新城东区率先实行了实时表格的动态监测。居民发现，在家就能打开表格，同步知道其他楼道的检验进度，十分便捷；现场志愿者发现，可实时在现场了解检测状态，方便通知下一个楼道进行检测。    对于扫楼的志愿者来说，这个表格也有很大帮助，能够实时了解检测现场的情况，方便动态调整扫楼速度。居委会干部也认为，这个实时数据能大大提高汇总统计的工作效率。    本报通讯员  刘诗寒  记者  屠瑜    第12计    “流水”作战    手绘“采样流程”图    闵行区马桥镇镇党委委员祁媛媛不断摸索，手绘了6张采样流程图，上面清晰地标注着采样的动线、每个环节以及对应的功能和注意事项。工作人员可以按图排位、各司其职，从而使采样如“流水线”般高效顺畅。    根据流程图，在人员配置上，通常1个工位配置2-3名志愿者，医务人员仅负责采样环节，其他扫码、拆棉签、样本放进试管等动作，则由志愿者配合完成——相关志愿者前期接受规范培训，1道工序、1个人完成，衔接流畅、采样效率大大提高。一次采样，差不多能够节省2-3秒，一天一两千份采样量，节省下来的时间十分可观。70名医务人员1天可完成5万人的采样量。根据流程图，马桥镇夏朵园社区还自创了“手形”动线，即有序安排居民分批在“手臂”处排队，在“手腕”处“截流”安排志愿者扫码核验，随后分流至“手指”处的工位完成检测后再离开，避免了进出人流对冲，防止了人员集聚，更提高了采样效率。    居村闭环管理后，很多年轻的志愿者主动到居村委报到。他们被安排在二维码核验区，为不会登记预约的居民进行手机操作，为已登记居民用PDA扫码，确保检测队伍10人一组快周转。志愿者还DIY了遮光纸箱，避免因阳光照射导致手机扫码失败。  本报通讯员  马桥  记者  鲁哲,https://paper.xinmin.cn/html/xmwb/2022-04-03/6.htm,2022-04-03,第6版:上海新闻
,10岁女孩在家有“特护”“双阳”父母安心了,,    这两天，一条女孩哭得伤心的视频在网上流传。发布视频的自媒体称：“浦东新区海阳路1080弄确诊的夫妻被送去隔离，家里10岁小女孩因为是阴性，一直就一个人在家里，也没人关心。”一位热心的网友在看到视频后给“帮侬忙”发来求助信息。记者接到求助后辗转联系上了女孩的父母和居委。“消息并不属实。尽管我们夫妻俩都被隔离了，但是学校和居委一直都在关心孩子。”    独自在家情绪低落    “辰辰确实一个人在家。”记者辗转找到了求助视频里女孩的父母。女孩爸爸王先生告诉记者，由于夫妻两人全被确诊为新冠阳性，3月28日已经被统一收治，如果带着孩子一起去集中救治点隔离，很担心孩子会有被传染的风险，因此就只留了女儿一人在家。    王先生说：“由于父母不在身边，再加上此前因为担心自己染病，女儿这几天确实情绪有点低落。但是，视频里的描述不准确，居委会和学校都一直在关心女儿的生活起居，帮了不少的忙。”    而给“帮侬忙”发来求助消息的网友也给记者打来电话，他1日联系了抖音账号询问相关情况时，抖音账号表示目前小女孩的问题已经解决了。    每天打来关心电话    为了进一步了解情况，记者又联系上了辰辰的班主任戴老师。“她平时是一个比较乖巧、懂事的小朋友。”戴老师告诉记者，自从女孩的父母核酸检测异常以来，她每天都保持和孩子沟通。爸爸妈妈还没被送去集中收治点的时候，她和父母是分居两室隔离的。我每天随访了解家里的情况变化，上周辰辰还在正常参加空中课堂和互动学习。这周一开始，她的父母离家了。我每天都会和她微信聊一下，或者打音频电话询问她的需求和心情。上周，她抗原自测显示为阳性，可是紧张坏了。幸好核酸复核检测的结果是阴性。”    记者也从辰辰家所在居委会了解到，自从辰辰父母被送去集中隔离，辰辰就被列入了社区的重点关心对象。“10岁的女孩独自在家，再加上由于整栋楼都被封闭管理，我们也担心她的安全，也担忧她是否能够生活自理。”居委会负责人汤老师表示，一方面，居委会工作人员每天都会通过微信和辰辰沟通，询问辰辰的需求，同住一个小区的姑姑也会每天送餐到辰辰家楼下；另一方面，为了让辰辰和辰辰父母安心，前几天还联系了专业人员上门做了居家环境的消杀。    “替我感谢居委和学校，多亏他们的照顾。”仍在隔离点的辰辰爸爸在电话中和记者说。    大白特护可以上门    在昨天举行的上海市第141场新冠肺炎疫情防控新闻发布会上，市民政局副局长曾群强调，疫情可能会导致儿童临时监护问题，一旦大人被感染转运治疗、或者疫情封控管理无法回家，造成未成年子女无人照料的情况，要求儿童所在街镇的“儿童督导员”和所在居村的“儿童主任”迅速响应，以保障孩子的身心安全为第一原则，快速开展应急处置和帮扶服务。如果是适合居家的未成年人，要协助尽快确定合适的照料人并安排临时生活照料措施。如果一时难以找到合适的照料人，儿童所在区和街镇应第一时间落实属地责任，在家长同意的前提下，指派专人临时照料，确保孩子处于有效监护的状态。    辰辰所在的社区里，像辰辰这样父母双方都新冠阳性被转运走的家庭只有一户。汤老师说，因为辰辰是阳性患者的密接，因此，这两天镇里也在协调是否能将辰辰转运到有专人看护的密接隔离点，4月1日终于有了消息。“有隔离点可以让辰辰过去了。如果辰辰不乐意去隔离点，街道还申请了大白特护，可以上门看护和照料她。除此之外，居委还协调了一位医生上门为辰辰单采了一次核酸，帮助她缓解担心感染的紧张情绪。”    不过，截至记者发稿时，辰辰的父母因为担心女儿转去陌生的环境不适应，也担心陌生的大白特护上门反而引起孩子的紧张，婉拒了两种看护方式。对此，居委会表示，既然辰辰在家，他们也会继续和女孩保持联系，密切关注她的生活、心理需求。    本报记者  马丹,https://paper.xinmin.cn/html/xmwb/2022-04-03/7.htm,2022-04-03,第7版:抗疫/帮侬忙
上海警方提示：市民应配合进行核酸采样检测,应检未检将被依法处理,,    4月1日上午，松江区某小区发生这样一幕：根据街道统一安排，小区组织居民开展核酸检测，居民颜某因嫌麻烦，对检测通知视而不见，闭门不出，还多次挂断通知电话。当工作人员多次上门提醒后，颜某才来到现场，却故意向采样人员出示微信名片二维码，当被要求出示健康云二维码后，他又强行冲破工作人员阻拦，自行返家，严重影响检测工作正常开展。接到报警后，松江公安分局民警赶赴现场处置，督促颜某完成核酸检测后将其带走调查，日前依法对其作出行政处罚。    实际上，在3月27日，上海市人民政府就发布《关于做好全市新一轮核酸筛查工作的通告》，在全市范围内开展新一轮切块式、网格化核酸筛查，要求广大市民支持理解配合全市疫情防控工作，按照所在街道社区或单位通知要求，分时段有序参加核酸筛查。    对无正当理由拒不参加统一组织的核酸检测，妨碍疫情防控或造成其他严重后果的，上海公安机关将依照《中华人民共和国治安管理处罚法》有关规定给予治安管理处罚；构成犯罪的，依照《中华人民共和国刑法》追究刑事责任。其中，对依法应当进行核酸采样而拒不参加统一组织的核酸检测的人员，处罚依据有：    （一）《治安管理处罚法》第五十条第一款第一项    第五十条  有下列行为之一的，处警告或者二百元以下罚款；情节严重的，处五日以上十日以下拘留，可以并处五百元以下罚款：（一）拒不执行人民政府在紧急状态情况下依法发布的决定、命令的；……    （二）《刑法》第三百三十条第一款第五项    第三百三十条  违反传染病防治法的规定，有下列情形之一，引起甲类传染病以及依法确定采取甲类传染病预防、控制措施的传染病传播或者有传播严重危险的，处三年以下有期徒刑或者拘役；后果特别严重的，处三年以上七年以下有期徒刑：……    （五）拒绝执行县级以上人民政府、疾病预防控制机构依照传染病防治法提出的预防、控制措施的。特约通讯员  忻文轲    本报记者  潘高峰,https://paper.xinmin.cn/html/xmwb/2022-04-03/8.htm,2022-04-03,第8版:综合新闻
,周大新：故事已讲完，生活未停止,,    ◆韩浩月    茅盾文学奖获奖作家周大新的长篇小说《安魂》，近日出版10周年纪念版，根据原著改编的同名电影也与观众见面。小说《安魂》以隔空对话的形式，记录了儿子去世之后父亲的痛苦与悔恨，阴阳两隔的父子在这本书中重聚，通过展示伤口与裸露灵魂的方式，实现了彼此的理解与和解，该书被评价为“一部以莫大的勇气直面死亡的人生大书”。电影《安魂》父亲这一角色原型即是周大新，国家一级演员巍子出演了片中的父亲。    1    寻找周大新    2021年冬天的一个下午，《安魂》内部看片会，在位于北京海淀区的一家电影公司放映厅举行。邀请的人不多，有出品方、发行方、演员、朋友。周大新在影厅入口处，等待着前来看片的人，握手，交谈，他更像是这场活动的主人。身材高大的他，站在影厅门口，在等待下一位客人从电梯里出来之前，身影略有些孤单。    灯光渐暗，直至熄灭，大银幕上出现片头：一位父亲骑着自行车载着孩子穿行在广袤田野里的小径上，空镜闪过，是壮阔的黄河景象。这是父亲唐大道和儿子唐英健之间，少有的温情画面。正式进入故事之后，便是一连串的父子冲突——这么说其实并不准确，因为儿子并不具备反抗的力量。准确地说，是父亲在家庭中的威权形象，使气质温和的儿子，“一直活在阴影之下”。    唐大道是一名有很强社会影响力的成功作家，影片对此进行了一定篇幅的刻画，演员巍子也成功地把一位著名作家的形、神、气、韵展现出来了。唐大道的确强大到足够制造出“阴影”，但很快，在儿子患病、治疗、去世的这一过程里，唐大道开始像缓慢倒塌的雕塑，让观众看到他无助的内心与脆弱的外在。对于儿子的想念，使得唐大道走上一条与往昔形象截然相反的方向——他甚至开始迷信通过某种方式，可以让儿子在人间“复活”，哪怕是自欺欺人的“复活”。    黑暗的影厅中，借助银幕的光芒，试图寻找周大新，但他并不在前排座位上，我猜他会在最后一排某个角落的椅子里。巍子坐在我的前面，同样身材高大的他，在影片放映过程中肩膀不时耸动，并用手捏住额头，可以肯定，这个男人在哭泣。周大新说，巍子是一位出色的表演艺术家，他在影片中的表演十分精湛，他对电影角色心理的把握非常准确。他还说，“巍子在拍摄期间全身心投入，因为一直沉浸在父亲这个角色里，几乎抑郁。”    影片放映结束，没有映后交流会，也没有停留过久的闲谈，大家安静地离场。周大新依旧站在影厅门口，给客人指路，指出通往电梯的方向。临走的时候，与他握了一下手，他的手宽厚，柔软。    2    追问周大新    很想知道，影片里的唐大道，与现实生活中周大新的相似度有多高。这一问题，在看完《安魂》之后就一直在心中萦绕。但出于一种会造成冒犯的顾虑，始终没能问出口。    这个问题的形成，是因为我觉得电影里的唐大道，与生活中的周大新，似乎并不是一种人。唐大道身上有着一种蛮不讲理的劲头（起码在影片前半部分表现家庭生活的情节里是这样），而在对逝去的儿子几乎“思念成疾”的时候，唐大道又表现得脆弱到不堪一击、自欺欺人——虽然片尾交代了他对善意的骗局心知肚明。而现实中的周大新，永远给人以一种温柔、敦厚、善良的印象，他并不会让人联想到，他可能是一位霸道的父亲。    当然，电影创作有艺术夸张的成分，但我觉得，试图分清楚电影与现实人物的相似度与重叠度，有助于走进作家的内心，更好地了解作家本身。    周大新是一名令人尊敬的写作者。他在长达40年的创作历程中，经历了从军事题材到乡土题材再到家庭题材的重要转变，每次转变都能奉献出具有丰富可读性与社会影响力的代表作。他表示，“军事题材的写作，表达的是对国家和民族安危的关注，写作时有一腔热血。乡村题材的写作，思索的是农业社会迈向现代社会的种种艰辛，写作时常常要发出叹息。家庭题材的写作，探索的是人性的深奥和人生的艰难，写作时内心满是痛楚。”    不难看出，虽然作品精彩，但他的写作过程却是艰辛的，他是目前少有的仍然坚持写作的50后作家群当中，写作精神与路遥、史铁生酷似的一位写作者，就像文学评论家胡平所说的那样，“点燃了自身，以生命为火炬，照亮了我们意识到的生死两界。”    周大新珍爱自己的写作事业。1952年出生于河南农村家庭的他，期望通过写作改变命运，但直到1970年入伍解决了吃饱的问题后，才有机会真正创作。被退稿的他觉得最难挨的时候，是走在路上遭到挖苦与嘲笑。作家的出身与经历，以及他所承受的磨难与打击，很容易留下印痕并且难以磨灭，如何坦然面对这些，决定了一位作家是否能够从困境中突围，实现写作的真正升华。    这次采访他的时候，我终于问出了那个问题，“您认为角色与现实中的您相似度有多高？”他的回答很简单，“应该承认，他扮演的角色，与我的相似度挺高。”我想知道这句话背后更多的表述，于是决定，我应该继续“追问周大新”。    3    周大新的反思    2017年冬天，上海返回北京的高铁上，我与周大新邻座。一路上，谈了许多话题，从文学，到社会，到人生。他愿意交谈，但话说得很慢，总感觉他沉浸在一种无形但巨大的沉郁当中，这种气场虽然并不具备隔离特征，但却有不小的感染力，让与他说话的人，也情不自禁将说话速度放慢下来。    一直到谈及家庭与孩子的时候，才知道他身上的沉郁色彩的来源。在儿子去世数年之后，在出版了哪怕具有心灵抚慰效果的《安魂》之后，他或许并未真正走出失去儿子的阴影。当时我虽然及时中止了这一话题，但他并没有停止的意图，而是用很平静的口吻，继续说了一些与他儿子有关的事情，但话说得更慢，声音背后的情感，显然有着海一般深邃不可见底的忧伤。    2019年秋天，与周大新再会于甘肃张掖，他在这里的河西学院有一场讲座。讲座开始之前，我们一起出游张掖的一些景点，在七彩丹霞景区，我给他拍摄了不少照片，在路过个别独具风格的景观时，他也会主动要求我帮他留影。这次见到的周大新，虽然笑容很少，但显得平静而祥和。在他讲座开始的那个晚上，上千名师生聆听了他关于小说创作的个人经验，他毫无保留地将自己的写作技巧倾囊而出，那场讲座所带来的收获堪称“盛宴”。    周大新在讲座、媒体访谈，以及闲谈里，时常体现出一种鲜明的反思意识。具体到《安魂》这部小说，他最初的想法是，一般人对“死亡”这个字眼，都会觉得恐惧、害怕、不安，通常都会选择避而不谈，但在自己经历了失子之痛后，他对“死亡”有了深刻的体会，他想告诉读者，“死亡”并不像想象的那么可怕，坦然地谈论这件事情，是希望给那些将要面对或正在承受这种痛苦的人，提供一种疏解与精神支撑。    周大新的反思一直没有停止，在不同的时间段，他对父子关系的思索，产生了不一样的结果。当我们再次谈及“中国式父亲”的强势一面时，他觉得，这是一种根深蒂固的乡土观念，“尽管我接受了现代教育，又生活在城市之中，但乡村的生活观念仍然深深影响着我，甚至左右了我的一些行为，让我认为，儿子的生活就应该由我来安排。这真是遗憾。”    “今天回想起来，内心难受无比。”因为难过而反思，虽然最终找到了问题的症结，摆脱了曾经巨大的困扰，但难过却不会真正地消失，如同对儿子的爱，也永远不会消失那样。    4    平静的周大新    联系周大新，有时他回复得很晚，他解释说，这种状况通常是他在家中写作。虽然宣布《洛城花落》是他的长篇小说封笔之作，但他在其他体裁作品的创作上并没有停止。在因为体力、精力原因不再进行长篇小说创作后，他开始写散文、随笔，并打算重新拾起年轻时就很喜欢写的电影剧本创作。    他说，他最看重自己的作家身份，“写作，让我觉得我的人生还有意义。如果没有写作，我不知该怎么打发造物主强加给我的种种苦难。如今回想起来，我这一生最值得庆幸的选择是：写作。正是因为写作，让我坚强地活了下来。”    当一位作家把写作与“活下去”紧紧结合在一起的时候，写作就已经不是一份职业，而成为与他血肉紧密相连的构成。70岁的周大新在说到写作的时候，仍然传递出一种强烈的情感意愿，这让人由衷钦佩，也更期待他的散文、随笔作品，能够更为直观地呈现他的内心世界。    周大新说，“我写过不少悲剧，但随着年龄的增大，我更愿意用所剩不多的生命，拿起笔去呼唤爱意，让这个世界被爱意所充盈。”由此可见，周大新的新写作风格，很有可能是温暖的、充满爱意的。在写完了悔与恨、痛与怕之后，他的文章，或会以更具穿透性的气质抵达读者内心深处。    除了写作之外，周大新讲述的日常生活，也让人为他觉得放松。现在的周大新的生活很充实，看电影、散步、听豫剧，是他写作之余最喜欢做的事情。他从少年时就着迷于看电影，“一进入电影的故事里，我就会暂时忘却一切”；周大新的家，位于一座很适合散步的公园附近，“我一天能走一万多步，慢慢地走，慢慢地想，让起伏的情绪渐渐归于平静。”对于来自家乡河南的豫剧，他也百听不厌，“古装戏现代戏都爱看爱听，一听到豫剧唱腔，我的心就会放松，豫剧能给我带来极大的心理安慰。”    由这些描述可以看出来，周大新目前生活状态的关键词包括但不限于：放松、平静、安慰……曾经敏感、激烈、动荡的情绪，那些惊涛巨浪终于退去，剩下的是安稳、沉静的海滩，还有和煦的阳光。    为读者写了几十年小说的周大新，也讲完了他的故事。他如释重负，步入了一个新的人生阶段。,https://paper.xinmin.cn/html/xmwb/2022-04-03/9.htm,2022-04-03,第9版:星期天夜光杯
,打开春天的方式,,    ◆周立民    茶梅、含笑、桃花、樱花次第开放，春天如约而至。我们得学会接受天地的赐予，不论是春光美景，还是风雪满天。在生活因疫情慢下来的这一刻，心也静下来，在阅读中打开春天，不失为一种因地制宜的选择。    “最有意义的书”    书海茫茫，哪一朵浪花属于我们呢？恰好，手头有一份加西亚·马尔克斯开出的书单。一家杂志征求“对你最有意义的五本书”，这是他的回答：《一千零一夜》、索福克勒斯的《俄狄浦斯王》、梅尔维尔的《白鲸》《西班牙抒情诗集》以及《西班牙语词典》。最初他想把《基督山伯爵》列入，后来觉得已有《俄狄浦斯王》珠玉在前；又想到《战争与和平》，他认为“它算得上是写得最好”的小说，又感觉这已人所共知。而《白鲸》“无序结构创造了文学中最美的乱象之一”尚未被人认识，更值得推荐。    这份四十年前的书单出自《无痛文学》，收在马尔克斯的杂文集《回到种子里去》（陶玉平译，南海出版公司2022年1月版）。这本书还收了很多老马做新闻记者时所写的社会报道，堪比侦探小说，引人入胜。因此，我毫不犹豫把这本书也列入了我的春天书单。    谈到“最有意义的书”，我不由自主会想到经典作家的经典作品，书不怕老，更喜欢一次次的重逢。近年，不少出版社推出很多亲切、朴素的名著简装本。世纪文景推出的“文景|恒星系”第一辑包括《复活》《德伯家的苔丝》《城堡》《萨哈林旅行记》《羊脂球》《红色骑兵军》（上海人民出版社2022年1月版）等习见名著，还配了当代作家的导读；北京出版社的品牌图书“大家小书”的青春版也增加了世界名著，手中有两本《老人与海》《猎人笔记》，小巧开本也惹人喜爱。自由的心灵不会被囚禁，阅读可以带我们去远方，最近我就在读契诃夫的《萨哈林旅行记》，那些一辈子可能都去不了的地方，打开书就在眼前。    读书人家的桃花    这套书共三本：《我的山居动物同伴们》《生命中那些闪亮的日子》《桃树人家：读书人家的光阴》（北京时代华文书局2021年10月版），我一下子就挑中了朱天文、朱天心、朱天衣三姐妹合著的最后这本，因为“桃树人家”这样富有春天气息的名字。    这书也是写实，朱家后院有两棵桃树，种菜又种花，还连着山坡。“三月看桃花，五月采桃子，做冰桃汤喝。六月昙花开……九月采桂花……”（朱天文：《桃树人家》）母亲有时还会带她们去东山岗采蕨菜，“望下去河谷蜿蜒而过，漫山是银花花、摇闪闪的野芒。”（朱天文：《春衫行》）这是桃花源吗？世上哪有桃花源啊，他们的物质生活其实挺紧张的，有一段时期生活还靠亲友们帮衬。可是，“读书人家”，安贫乐道，与大自然、小动物打成一片，一切都成为“最好的时光”。朱天文贪恋的是台风天，停电了，父母不做事，一家五口人窝在厅里的大床上，父母闲闲地聊天，孩子们在一旁玩……悠悠岁月中，幸福感可能并不来自于物质屏障，反而是这种平常生活的亲切记忆。    我在冯骥才先生的新书《画室一洞天》（作家出版社2022年1月版）中感受到有一个心灵的空间是多么重要。画室“有洞一样的私密，家一样的自由，神仙一样的神奇”，绘画对于他是“更多个人心灵的表达与抒发”。（《画室说》）跟随着冯先生的文字和大量的图片，我在艺术的草地上打了一个滚儿。我还特别喜欢冯先生画室和书房外的连廊，“花木葱茏，绿蔓缠绕，一任自然”，在这绿意中坐一坐，“如在田园”。（《连廊上的椅子》）这里的感觉，不是春天来了，而是四季如春，春意常驻。    把春天带回来    没有诗，怎么对得起这绿肥红瘦。黄永玉先生诗集《见笑集》（插图版，作家出版社）在这个季节与我们见面了，170多幅插图诠释了什么是“诗情画意”。他笔下的春天，是故乡南华山的“绿”：“绿得那么啰嗦，/绿得那么重复，/绿得喘不过气，……”（《南华叠翠》）春天，还要用心去听：“春天来了，大树小树开始长芽/幸好它们不笑，/要不然/白天晚上吵死了。”（《春》）这是一位九十八岁老人的“春之声”，这是返老还童的青翠文字。    清晨，确实“吵”，那是千回百转的鸟鸣，闭上眼睛，默默地听，也是美妙的音乐。“世间最起人兴味的声音，莫过这小鸟的低语。”254年前，在英国的乡间有一位绅士也是这么认为。（见吉尔伯特·怀特：《塞尔彭自然史》第97页，缪哲译，新星出版社2021年12月版）翻翻他的《塞尔彭自然史》，多少都市人又燃起乡间的隐居之梦。春天，在野外，“远眺春日野，/袅袅/炊烟起——是/少女们在煮春野上/摘采的嫁菜吗？”（佚名：《万叶集365:297》第357页，陈黎、张芬玲译，北京联合出版公司2022年1月版）还有春雨和乡愁：“这春雨一定是/家人派来的使者……”（柿本人麻吕：《万叶集365:89》第137页）    从来，我们都是在享受春天，可曾想过她是怎么来的？一本科幻小说选《春天来临的方式》（上海文艺出版社2022年1月版）中一篇王诺诺写的同题小说告诉我：春天，需要我们带回来，需要到北溟把偏离方向的地轴拉正。很多人变成“大鱼”承担这个使命。一个轮回要八千年，广阔的心，广阔的爱，才有人间海棠花开，我被它深深地打动了：春，不是从天而降，是要我们肩负使命带她回来。,https://paper.xinmin.cn/html/xmwb/2022-04-03/10.htm,2022-04-03,第10版:星期天夜光杯/读书
,明天，我想重新喜欢上自己,,    林夏萨摩    Hi，十七，好久不见，见字如面。    听说进入三月后，墨尔本的天气依然像抛物线，忽高忽低，一如你每日跌宕起伏的心情。    因为疫情，归期未有期，你说你忽然很迷茫，不知道怎么走以后的路，你说羡慕我，又出书了。你说，觉得自己很失败，同辈压力没有因青春期的平稳过渡而消失，反而随着时间列车一起追着你走。    你说这些的时候，我好像看到另外一个我，就站在你旁边。多么相似的心情。    人类的悲欢并不相通，但每个人的人生轨迹大抵相似，都逃不出聚散离合和高低起伏。    我经常前一秒幻想，回到过去某个特殊的时间点，去改变一些重大选择，又在后一秒自觉打消了这种念头，“想让时光倒流”这个念头，本身就是对当下的否定。    否定了过去，过去便不再有意义。    所以，如果真的给我一次甚至十次时光倒流的机会，我也没有十足的把握，能把一切做得更出色，拥有一个更好、更完满的人生。    记得有次我和好朋友斯坦喝酒，两个人信誓旦旦——明年就三十了，三十而立，一定要做点成绩出来。言下之意，到了三十岁，我们理所应当功成名就。    结果三十岁很快到来了，我们离各自预期的“自己”都还有很大的差距。我们都与父母有着难以逾越的鸿沟，爱情动荡，没钱、没房、没结婚，满心热爱的事业刚刚起步，还没能显山露水。    不害臊地说，“我今年三十岁，刚刚长大。”    三十岁，我才开始有一笔存款，才勉强拥有对讨厌的一切说“不”的勇气。三十岁，我才能真正做到不顾一切不计得失地爱一个人。三十岁，我才开始认真地考虑买一套属于自己的房子，维吉尼亚·伍尔夫曾说过，女人想当作家，就必须有钱的同时拥有属于自己的一套房子。三十岁，我才开始不勉强自己，不勉强自己一辈子待在与人攀比的怪圈子里不得安宁，而是用一种更惬意的心态、更轻盈的姿态体察生活。三十岁，我才认清自己是个还怀揣理想与热血，有点特别的普通人。    人生是一趟不确定的旅途，因为不确定，我们会害怕，也因为不确定，我们充满了期待。我们一定会遇到，早早登上山顶潇洒眺望风景的人，也一定会撞上，刚开始爬山，气恼自己只爬了一小截的人。现实里还有很多跟我们一样在路上的人。人生在世，奔腾的念头很多，肯踏实实践的人难得。所以，每当有期待发芽时，只要有靠近的可能，哪怕只有一点点，你都不应该放弃。    你仍在最好的年纪，前方有无限可能，也许是新的旅途，新的城市，也许是五彩斑斓，别样风景。    我写下这封信的间歇，三月的阳光，穿过云层，穿过白玉兰，穿过玻璃，在我家地板上照出好看的光束。万物在日渐温柔的春光里复苏，湖面泛起涟漪，翠色铺满草坪，桃红开满枝头，风筝自由翱翔，哈士奇拖着主人在公园里撒欢，游人举着相机迈开踏青的脚步。    这样的春日，宜读书，宜清零旧事，播种新希望。    “我喜欢你是寂静的，仿佛你消失了一样。你从远处聆听我，我的声音却无法触及你。”    “当我说‘未来’的时候，我刚一念它，就成了过去。当我说‘寂静’的时候，我打破了它。”    “只要一想起一生中后悔的事，梅花便落满了南山。”……    读书让人心变得柔软，哪怕转瞬即逝，我们也甘愿在那个瞬间的温柔里——流浪。    三月，花红柳绿，春色满园。三月，江河奔腾，万物共生。    不如，从现在开始，我们把自己当成春天里的一棵树，长出新的枝芽，让身心都自然舒展。    不如，我们随性地打开一本书，沐浴在春光和文字的温柔旖旎里。    山海虽远，阅读可平。,https://paper.xinmin.cn/html/xmwb/2022-04-03/11.htm,2022-04-03,第11版:星期天夜光杯/夜光杯
,非常时期  非常友邻,,    吴越    黄昏，来电铃声响起，我看了一眼手机屏幕，是邻居“鱼先生”打来的。一种本能的紧张感顷刻间从心间弥漫开。    鱼先生是一位好脾气的男子，有一位美美的太太和两个聪明活泼的男孩，搬进新居的当天，我领着女儿敲门自我介绍，他们客气地把我们让进客厅里聊天。告辞时，我们加了微信，他的网名是“鱼”。此后，有时是早上送孩子上学时在电梯门口遇见，有时是放学接孩子时在行道树下巧遇，只来得及匆忙一笑招呼。其实，这套市区的两居室是我租的，只在孩子上学的周一到周五住。周五晚上，我们就回到郊区的家，周日的晚上再自驾过去。如此循环往复了几个月。微信的聊天对话框，几近空白。    几天前，上海的中小学生开始居家学习，郊区的家中有比较大的电视机，更适合上网课。临走前，简单收拾了课本，以为过几天就会回来。现在，邻居鱼先生这个突如其来的电话，似乎预示着发生了某种意外。    “你们家漏水了，可能是水管爆裂，快回来看看吧，水都从房间里流出来，流到公共走廊了。”鱼先生焦急地说。他问我有没有钥匙，物业可以进来帮我关水龙头。不凑巧，门锁的备用钥匙在我父母家，父母家就在附近，可他们的小区此时正在闭环管理，他们出不来。“我们现在赶过来。”我立刻准备动身。鱼先生在电话那头顿了一下，“那你们要有所准备，我们这栋楼一个小时前也宣布闭环了，最短也要一周时间，只进不出。”我顿时有些头大，时间紧张，那边水在汩汩流出，这边不可能在几分钟里准备好全家人搬回去的东西。我和丈夫一商量，决定先去看看。正是晚饭时分，我们也顾不上客气了，把孩子交给相熟的邻居照应，一脚油门就往市区开。果然，市区房子楼下拉了线，两位“大白”镇守。路上，我和小区物业联系过，他们已关掉了我家外面的水闸，流水暂止。但家中是个什么情况，不进去是无法知道的。我深吸一口气，在楼下给鱼先生打了视频电话。“现在我们上不来，只能拜托您输入密码进门看看了。”我知道，这给别人增添了很多麻烦，但鱼先生答应了，两个男孩和他太太也出镜了，大家都有点兴奋。我们就像是一场隔着垂直距离二十米的直播连线，要去推开神秘的沉船的大门，看看“水下”的世界。    “好，现在我开门了，”鱼先生一边说一边缓缓推开我们家的门，我脑中幻化出桌子椅子顺水漂出的景象，屏住了呼吸。“还好，还好，客厅没有进水，就只有厨房，你看，有一个指节深。”鱼先生踏水而入，循声找到了罪魁祸首——接着洗碗机进水管的龙头。那个龙头应该是老化了，在今天下午的某一个时刻直接弹开了，喷泉一般自由挥洒。到此刻为止，它还在外涌着水闸关闭后剩余的水。危机暂时解除，至于换水龙头和打扫，只能等到解封后我们再来处理了。这已是不幸中的万幸，比我预想的损失要小了很多。鱼先生没挂电话，他察看一番后说：“我们帮你们打扫一下，别担心。”他和太太花了一个小时，用上各种工具，把看得见水的区域全部清理干净。无论我说多少感谢，也不足以表达这份感动、愧疚和暖心。    一周后，解封了，我回到家中，站在洁净、干燥的地砖上，感触万千。我又敲开了邻居的门，“不好意思，还没问贵姓？”“免贵，姓施。”真是个好姓，施以援手的施，经由此事，绝不会忘。    老话说，“远亲不如近邻”，真是这样。在这个非常时期，友邻的情谊也非比寻常。这次，帮我们照看孩子的，帮我们报警和打扫的，帮我们顺手取快递的，都是邻居；每天，小区里带头接龙买菜和组织做核酸、做抗原检测的志愿者，也都是邻居。授人玫瑰，手有余香。在共克时艰最吃劲的日子里，在这座世界级大城市里，是不可计数的友邻互助让天空湛蓝安宁。,https://paper.xinmin.cn/html/xmwb/2022-04-03/12.htm,2022-04-03,第12版:星期天夜光杯/夜光杯
,那些动人旋律抚慰宅家的你,,    ◆朱光    欧盟青年交响乐团先前在德国演出返场之际，邀请合唱团与现场观众一起高歌一曲《欢乐颂》。网上播出音乐会的画面不那么清晰，但是镜头摇到音乐厅外的广场上，现场直播的大屏幕周围，或站或坐的听众，其中包括坐在轮椅上的老人。几乎每个人都噙着泪花，跟唱这首曲目。    《欢乐颂》的“词作者”是德国诗人席勒。这首德语“神作”借赞颂“欢乐女神”表达了即便“习俗使人各奔东西，欢乐女神也能消除一切分歧”“亿万人民团结起来，大家相亲又相爱”……看到屏幕上男女老少深情合唱的画面，颇为感人。我们深知，眼下任何一种物质形式的苦难在百年前都未必是苦难；百年前的人的任何一种精神形式的幸福，如今依然能给予人幸福。    哪一种精神上的幸福最治愈？无疑，音乐是首选，不分老幼，甚至没有任何文字障碍且如今唾手可得，到网上一搜，就能沐浴在千百年来人类创造的“音罩”之下——估计，这也是各款耳机始终热销的原因——无论身处何时何地，“世界只属于我一人”。    如果要隔离，我要被音乐隔离。如果要去荒岛，我也要带上耳机。    疫情宅家听什么音乐？首选振奋人心如柏林爱乐演绎的《约翰·威廉姆斯：柏林音乐会》，这张2月4日刚发行的CD的开篇曲目《奥运号角和主题》，以昂扬的号声和沉着的节奏，号召全球凝聚一心。遥想一下起源于古希腊、因举办地在奥林匹亚而得名的竞技会，正是和平与友谊的盛会。其延续时间之长，影响之深远，在人类历史上罕见——如此想来，大家手牵手、心连心的画面还是必须载入史册的。推荐各类奥运主题音乐和主题歌，都是特别荡涤心灵、开阔心胸，听完之后神清气爽且“疗效”颇长。这一类别中，还推荐《星球大战》系列，尤其是主题曲，依然是约翰·威廉姆斯作曲，其开场旋律之跌宕起伏、扣人心弦，预示着充满希望的未来。宫崎骏动画片御用作曲久石让的曲目，也有同样功效，在宏大的同时细节更分明、情感更温馨。    其次，电影音乐也是不错的选择——受90岁的约翰·威廉姆斯这位经常为电影创作曲目的音乐家启发。那些原本就凸显人物主题、带着情节烙印、烘托出美好气氛的电影音乐或者音乐剧电影版，总是令人可以在听音乐的同时，看着镜头画面去旅行。例如《爱乐之城》，不仅有着美好的爱情，也有洛杉矶打卡地。《无间道》系列电影略烧脑，但听其中蔡琴演唱的插曲《遗忘的时光》，有助于你什么都不去多想。电影《爱情神话》和电视剧《两个人的世界》则能让人脑海里掠过一幅幅上海的城市美景。《爱情神话》中的上海闲话插曲《旧社会顶穷的人》旋律轻快愉悦，想想自己肯定不是顶穷的人，于是就会释怀许多……还是要郑重推荐《我和我的家乡》电影推广曲、郑钧创作演唱的《父的三北》：“当年你不顾一切逃离的，如今都在与你朝夕相伴；当年你念念不忘迷恋着的，如今都已烟消云散……”他能做到节奏舒缓但是强劲，有着说书人调调的说唱与陕北民歌交织，整体节奏大致与心跳持平，却偶尔令人早搏。两极相遇，必属佳品。此曲收录于他的最新专辑《两只口罩》。    再者，同样是经典，中国交响乐当中也不乏令人听起来热泪盈眶、百感交集的传世之作，例如《红旗颂》——这是一首无论在什么场合：现场聆听或是戴上耳机，哪怕只是远远传来，都能让人对我们的红旗肃然起敬且眼前会浮现出各种动人画面的曲目。仅凭这一首曲目，不算上《弹起我心爱的土琵琶》，都必须向伟大而可爱、谦虚且自律的吕其明先生致敬。取材于云南民间小调的《小河淌水》有助于相爱的人相看两不厌——这首描述阿妹总是看不到阿哥的爱情歌曲之忧伤透顶，能让我们彻底想穿要珍惜眼前人。听一遍吴碧霞的版本，知道最为端庄的演绎；也可以听龚琳娜唱的，带有渐强的流行乐队编配；还可以听萧敬腾唱的有点粗犷的版本……最常见的还包括各类民族乐团的协奏曲——比《小河淌水》稍微快乐一点点的是《彝族舞曲》，比《彝族舞曲》再快乐一点点的是《瑶族舞曲》，但都是旋律直抵心坎的动人之作。一定欢快无比的是各种乐队版本的《北京喜讯到边寨》，让人都想跳起舞来。    毫无疑问，在中国民乐里最欢快的类型之一是广东丝竹，例如《喜洋洋》——这首曲目往往是新春期间上台颁奖的曲目，正如维也纳新年音乐会总是以《拉德斯基进行曲》收尾一样。与之组词方式一致的《步步高》也是颁奖典礼常见曲目，适合在跑步机上大踏步走。当然，广东丝竹是从江南一带传过去的，江南丝竹正是国家级非遗——源自道教音乐，可以视其为养生曲目。附加赠送一曲《苏州夜曲》，首推小田和正演唱的版本——对，就是那位演唱《东京爱情故事》主题曲的那位。想知道中文歌词，那就去听费玉清版——但是，开头不太姑苏……,https://paper.xinmin.cn/html/xmwb/2022-04-03/13.htm,2022-04-03,第13版:星期天夜光杯/文艺评论
,叫声小名别样亲,,    文/付秀宏    小名，又称乳名、奶名、小字，是刚出生个辰光由父母定个爱称、昵称，也是阿拉人生当中第一次接受名字。取小名之俗，自古而然。《礼记·檀弓》疏：“始生三月而加名。”《白虎通德论·姓名》：“名者，幼少卑贱之称也。”搿搭“名”指嗰主要是小名，因为按照古礼“幼名、冠字”，长大还要另取正名嗰。    历史浪勿少名人侪有小名。春秋战国辰光，晋成公、鲁成公个小名侪叫“黑臀”；三国辰光，曹操小名叫“阿瞒”，刘禅小名“阿斗”；东晋陶渊明小名是“溪狗”，南朝诗人谢灵运小名“客儿”，北宋王安石小名“猎郎”。    勿少人长大以后就拿小名放进“箱底”，甚至勿愿意辣其他人面前提起。其实，小名要看啥人来叫。假使是亲人、挚友，小名叫熟了，总有一种别样个亲昵。有辰光，好听个小名还要胜过大名。    讲起小名，我想起一个笑话。我上小学四年级个辰光，有一次喊同村一个同学“黑头”，呒没想到拨一个学堂里新来个女老师听见了。上课辰光，搿位老师狠狠批评我，讲我勿懂礼貌。伊讲，喊狗可以叫“黑头”“白毛”，侬勿能搿能介叫同学。结果其他同学听了侪笑起来，有人告诉老师，搿位同学小名就叫“黑头”。    阿拉当地有一个风俗，帮小人起小名，爷娘侪愿意反过来起，比如，我是男小囝，姆妈喊我“小红”，喊阿哥“小绿”，听起来像小姑娘。其实爷娘嘴巴里喊小红、小绿，心里想嗰是健康、强壮。    有位作家辣一篇回忆录里写到伊小辰光被迫一家头离开家乡，后来伊姆妈打听到伊个消息，就一路乞讨去寻伊，见面就喊伊小名，讲：“只要有一碗粥，阿妈就和你一起喝。”是呀，日脚再苦，姆妈也要留大半碗粥拨小囝。每次回忆起搿一幕，伊就邪气伤感。    贾平凹小辰光，姆妈希望伊一生平平安安，叫伊“平娃”。长大以后，贾平凹感觉“平娃”亲切有味道，取其谐音，改“娃”为“凹”，变成了大名。    当然，小名并非处处功德，有辰光也会产生误会。作家黄宗英，有一个弟弟，比伊小1岁。弟弟进幼儿园个辰光，老师问伊：“侬辣屋里跟啥人白相？”弟弟讲：“跟小妹玩（宗英小名小妹）”。老师再问：“小妹是侬啥人？”弟弟回答：“是我阿姐。”呒没想到，就因为搿几句闲话，老师居然怀疑弟弟智力有问题。    小名，让人有童心、有趣味。小名，是每个人心底个财富。真欢喜搿种亲切、温暖。,https://paper.xinmin.cn/html/xmwb/2022-04-03/14.htm,2022-04-03,第14版:星期天夜光杯/上海闲话
,一起向未来,,    许瓒  北京市第一七一中学  初三（20）班    因命运的不公，有些人生来就生活在痛苦与寒冷之中，但我们和他们同住在一个地球村里，我们应该给他们多些关爱，和他们一起向未来。    过年前的冬日里，我随学校钢琴社团到福利院进行公益演出。福利院不大，小屋中央放着一架钢琴。屋里充斥着与外面一样的寒冷。那里的老师告诉我们，他们或是先天残疾，或是被遗弃，或是患有心理疾病，总是将自己封闭起来……他们失去了太多的美好。他们心中的未来可能是灰暗的。    我的心一下子被触动，眼眶湿润了。看着周围钢琴旁的那些孩子们，我鼓起勇气走到他们的身边。或许，我也能做些什么，和他们一起走出内心的阴暗？    “姐姐为你们弹一首《稻香》好吗？”在老师的协助下，本在吵闹的孩子们散了开来，我坐在琴凳上，开始演奏。《稻香》这首曲子，节奏轻快，总能使我心情愉悦。这时，优美的琴声飘荡在小屋里，我希望它能打破孩子们心中的“厚障壁”，悄悄进入孩子们的心里。我惊喜地发现，一个小男孩随着节奏左右摇摆着身子，脸上带着微笑。我也和他一起，跟随着音乐而律动……    “你教教我弹琴。”我在演奏完毕之后，听音乐很投入的那个男孩儿怯怯地对我说。他说话虽然不是很利索，话虽略显生硬，但他已经不再回避我的眼神，不再带有害怕和怀疑。“好，我们一起。”我又陪着他到了钢琴旁，扶他坐上琴凳。“这是中央C……”我细细地为他讲述每一个音的位置以及用力的方法，他也努力地移动着不太灵活的小手，尝试着按下琴键，满脸写着好奇与认真。我说一个音，他弹一个音，我再为他指出错误与瑕疵。他的小手指尖泛白，小脸也憋得微微泛红，而逐渐地，他能弹三个音，四个音，甚至更多……他坐在钢琴凳上，小腿还够不到地面，我仿佛看到了十年前的自己：对钢琴的好奇，对未来的期待。他内心的“厚障壁”或许被音乐融化了。看到他不再那么封闭，我也感受到了我自己的价值：让失去了小家的他们，在社会的大家庭中感受到似家的温暖。就像《稻香》里的歌词一样：“还记得你说家是唯一的城堡，随着稻香河流继续奔跑……”    临走之前，小男孩拦住了我。他说他很喜欢那首曲子，还想让我弹给他听。我蹲下来拥抱了他。你努努力，未来，你可以自己弹琴给自己听啊，你能听到更多更优美的旋律；未来，你一定能学会很多曲子，真正感受到音乐的魅力。我们携手同行，一起走向一个光明的未来……    今年冬奥会主题歌《一起向未来》唱到：“我们都需要爱，大家把手都牵起来…我们都拥有爱，来把所有门都敞开……”我想，在未来，社会可以是平等的，没有歧视、冷漠，这些孩子能够被他人尊重，得到更多的关爱。牵起那些孩子的手吧，我们一起走向那个充满爱的社会，一起向未来！,https://paper.xinmin.cn/html/xmwb/2022-04-03/15.htm,2022-04-03,第15版:星期天夜光杯/快乐作文
,那条永不褪色的围巾,,    ◆  何建明    每一次到龙华烈士纪念馆，我都会来到一个装着一条色彩鲜艳的毛线围巾的玻璃展柜前，久久地凝视。这条距今九十余年的毛线围巾背后，是一对当年在上海滩从事革命工作期间相恋相爱、最后又生死离别的年轻伴侣的凄美故事……    1    往事    这条毛线围巾虽然距今至少九十年了，但看上去依然颇新，其颜色光亮，尤其是淡灰、奶色、紫色和浅白四色组成的条纹毛线，色泽光艳，不太像旧物。令我特别注意的是围巾上有一枚非常清晰可见的商标图案，上面写着“上海祥泰织造厂”，商标图案是一头大象，寓意“吉祥如意”，和厂名“祥泰”十分吻合，看得出是一家上海本地人开的纺织厂。围巾的主人牺牲在1929年，而这条围巾色彩能够保留至今仍然光泽姣好，也可以基本判别出这家厂在当时也算是上海滩上有些声望的毛纺织厂。    上海滩上的围巾特别是彩色的毛线围巾，在上世纪二三十年代，是人们佩戴的一种时尚物。尤其是青年男女，更是除了夏天之外的出门必备衣饰。我们从五四运动的历史镜头中看到了太多的身穿长衫、脖子上佩戴着围巾的革命者形象……    我想，在龙华纪念馆内留下遗物的这位革命女英烈，一定也是位对革命充满激情，又对生活深怀眷恋的青年。    是的，她就是这样一位正青春的姑娘。她牺牲时年仅23岁，花之盛开的年龄啊！    她叫张锡瑗。龙华烈士纪念馆的工作人员将我带到一片青青的草坪前，指着青草丛中一块写着“张锡瑗烈士”的墓碑，说，这就是那条毛线围巾的主人。墓碑中间嵌着一张烈士的黑白照片：留着一头飒爽短发、表情十分坚毅的女青年，圆圆的脸庞、大大的眼睛，一看就是位掩不住俊秀英气的美女。九十余年了，她看上去还是那么漂亮，那么坚毅与淡然，那么眷恋着她的青春生命和与她匆匆离别的年轻爱人……    工作人员告诉我：1990年的一天，一位已经86岁高龄的老人在女儿的陪同下，来到“张锡瑗烈士”墓碑前，凝视了许久许久之后，指着烈士的照片，轻轻地对身边的女儿说：她比照片上更漂亮。老人说这话时的双眼是湿润的。“他就是我们敬爱的邓小平同志，张锡瑗是他的亡妻。烈士离开他的时候他俩结婚才一年多，那年小平25岁，妻子才23岁，还有一个同时夭折的女儿……”工作人员所说的每一个字像针一般扎在我的心上，以至于我一直以来有个愿望：写一篇“那条永不褪色的围巾”，以此慰藉内心对烈士的那份崇高敬重——    2    初见    张锡瑗老家在北京房山，1906年出生，原名张希远。1920年随父迁居河北保定，与妹妹张锡瑞一起在直隶省第二女子师范读书。其间积极参加该校的改革教育的学潮运动，因而受到中共早期地下党的关注，1924年她和妹妹一起成为青年团员。保定距北京很近，由李大钊领导的中共北方党组织很快得知了在保定的青年革命积极分子张锡瑗，于是1925年她被调到北京。在京城，张锡瑗的命运发生了巨大变化，因为她在这里有幸结识了邓颖超，并很快加入了共产党组织。    “组织上决定派你到莫斯科东方大学读书去……”一天，比张锡瑗大两岁的邓颖超对她说。    “啊，我太幸运了！”张锡瑗兴奋得直叫起来。    张锡瑗到达莫斯科是1925年岁末。冰天雪地的严寒并没有丝毫减弱这位来自中国的年轻“布尔什维克”的热情。因为她的漂亮与活泼，又加之当时共产国际和苏共中央为培训中国革命者而专门设立的这所简称“中山大学”的学校内男女学生比例严重失调，男生有几百个，女生却只有二三十个，“多加多娃”（张锡瑗的俄文名字）自然吸引了很多男同学的注意，甚至时不时有男生想跟她“交朋友”。“朋友？我们不是已经是朋友了吗？革命的同志朋友！”每每此时，聪敏的张锡瑗总是以这种方式化解尴尬。后来大家很快都知道，“多加多娃同志”的心都在读书和学习上。    莫斯科中山大学是一座革命熔炉。学生就像洪流一般，流动得十分快。因中国国内革命的需要，有的可能才来几个月，就又被调回祖国，奔赴重要岗位；还有的可能回国没多久，再也没有了音信——牺牲甚至背叛的事经常发生。    一天，“多加多娃”迎面被一位个头不高、戴着鸭舌帽的中国小伙子用中文叫住了：“同志，你是中国人吗？”    已经能用俄语交流的“多加多娃”打量了一下眼前的这位新生，点点头，用中文回答他：“是，我是中国人。俄文名叫‘多加多娃’……你呢？”    “我是不久前刚从法国勤工俭学转过来的。我的俄文名叫伊万·谢尔盖耶维奇·多佐罗夫。我的原名叫邓希贤……”    “噢——你就是那位在巴黎上街参加声援上海‘五卅运动’革命游行而被法国政府驱逐的英雄邓希贤啊！”“多加多娃”一下又露出了“北京妞”的爽朗与活泼性格，并压抑不住内心的崇拜之情，说：“我叫张锡瑗，北京人，以后向你多学习请教……”    “哪里哪里！”    这是这对中国青年在异国他乡的第一次邂逅。    3    重逢    在莫斯科校园内，邓小平脖子上总系着一条蓝白相间的大围巾。有一次张锡瑗忍不住笑问：“这条围巾很珍贵吧？看你总不忘戴它呀！”邓小平解释：“那是嘛，是我在法国捡马粪时的标准装备嘞！”    原来如此。    一年之后，“多加多娃”突然发现有一段时间没有见到“伊万·谢尔盖耶维奇·多佐罗夫”，于是便向中国同志打听。“回国了。”与很多从中国来的又突然在莫斯科消失的学生一样，“多加多娃”只从别人那里得到了这三个字。    1927年，国民党已经撕破脸皮与共产党进行着你死我活的决战。那个小个子  的“邓  希贤”后来干什么去了，张锡瑗并不知道，也无法打听到。此间，国内不断有国民党如何残害中国共产党人的消息传到莫斯科。很快，张锡瑗也被组织派遣回国。她经蒙古回到北京，后又回到保定，参加铁路工人罢工运动。    “张锡瑗，组织调你到中央机关工作，快准备走吧！”她被接到北京之后，有人告诉她。可临上火车时她才发现不是到上海，而是到武汉的车票。    到武汉后，张锡瑗才知道，中共中央机关已经从上海秘密转移到武汉，而且正在召开一个重要会议。这会议，后来的党史上称之为“八七会议”。张锡瑗到达武汉时，这次会议刚刚召开不久，会后的中央秘书处的工作更加繁忙了，而她也恰巧被分配在中央秘书处。    “小平同志，这个材料请你尽快处理一下！”张锡瑗来到秘书处报到时，见许多人都招呼一个个头不高的年轻人。而让张锡瑗意外的是，这位忙得有些不可开交的青年，竟然是她熟悉的“莫斯科同学”!    “伊万·谢尔盖耶维奇·多佐罗夫同志！”张锡瑗一激动，便用俄语高喊了起来。“你……怎么又叫小平了？”她问。    邓小平笑着摸了摸头，说：秘书处的事情多，我又理了个平头发型，所以有人就叫我“小平”，叫顺了，我就成了“小平”。    没想到一向不苟言笑的老同学，竟然也会幽默一下。    4    伤逝    同学变成了战友，又在同一机关工作。    “中央机关要回到上海了，你俩赶快准备吧！”突然，上级领导通知他俩。于是张锡瑗和邓小平随中共中央机关秘密来到上海。这个时候的邓小平，已经是中共中央秘书长，而张锡瑗则成为了他手下的一名得力工作人员。    在上海，他们结婚了。那年他们正青春，一个24岁、一个22岁。婚礼是周恩来和邓颖超等人一起张罗的，酒席设在广西中路的一间名叫“聚丰园”的四川菜馆。那天除周恩来、邓颖超夫妇外，李维汉、王若飞等中共中央领导和机关人员30多人参加。    邓小平在新婚之后给妻子买了一条“大象”商标的毛线围巾。“好看！真好看！”邓小平看着系上新围巾的妻子连声说道。“以后出门，你尽量都系上它，这样不易被敌人认出你的真实身份。”    “知道知道，你是为了工作才给我买的……”    婚后的邓小平夫妇与周恩来夫妇租住在一幢小楼里。然而，在白色恐怖下从事地下工作，小夫妻虽同在中央秘书处工作，却并不能常在一起，更不用说去看一场电影、逛一次大街。出于安全和保险起见，竟在上海没有照过一张合影。    1929年5月，蒋桂战争结束。当时的国民党广西省政府主席和军事特派员兼绥靖公署主任的俞作柏、李明瑞愿意同我党合作。于是党中央决定派遣邓小平代表中共中央前往广西开展革命工作。    “去吧，别挂念。我有小超姐姐她们呢！”张锡瑗已有身孕，挺着肚子，反倒安慰起丈夫来。    这一走就是三个月。待邓小平从广西回到上海向中央汇报“百色起义”工作方案时，快要临盆的妻子张锡瑗正被人送到上海宝隆医院等待生产……    汇报工作结束后的邓小平火速赶到医院时，医生将他拦在产房门外：“现在你不能进去！她难产……”    不知过了多久，突然产房里传来“哇”的一声婴儿啼哭……“生了，是个女小囡……”医生说。但又告诉邓小平：由于张锡瑗分娩时间太长，造成病原体感染，不幸患上了产褥热。    接下去的日子，虚弱的张锡瑗时而醒来时而又昏睡过去，而邓小平则不分日夜地陪伴在她的身边……最终张锡瑗没能挺过来，带着无限的眷恋与遗憾，病逝在丈夫的怀抱里。祸不单行的是，他们唯一的女儿几天后也不幸夭折。    正乃浦江呜咽，苍穹落泪。    白色恐怖下，张锡瑗的遗体安葬几经周折，直到次年春天才由中央特科的李强与邓颖超、张锡瑗的妹妹张锡珍一起将其安葬在江湾公墓内。当时还不敢用真名，墓碑上只写“张周氏”，立碑人也用了个假名。而安葬在张锡瑗旁边的则是两位牺牲在上海的中共重要领导者：罗亦农与苏兆征。    上海解放后，邓小平所做的第一件“私事”就是寻找亡妻的尸骨。原来的公墓被日本侵略军因修建机场而破坏得面目全非，几经周折，终于找到了张锡瑗的遗骨，并安放在邓小平在上海的居住地瑞金花园内。    后来上海烈士陵园建立，张锡瑗的遗骨正式被安葬在烈士墓区内。人们这时在墓碑上才见到了“张锡瑗烈士”五个字及镶嵌在墓碑上的那张黑白照片。这照片是张锡瑗在莫斯科时所照，是她唯一留在世上的珍贵照片。    如今留在龙华烈士纪念馆的那条毛线围巾，是张锡瑗的亲属捐献出来的。据张家介绍，这条毛线围巾是张锡瑗的遗物，也是她和邓小平之间仅有的一件珍贵信物。    无情的是生离死别，有情的是人间真爱。我终于明白了留在龙华烈士纪念馆里的那条距今已有九十余年之久的围巾为什么永不褪色，因为革命者的生命之血染红了它……,https://paper.xinmin.cn/html/xmwb/2022-04-03/16.htm,2022-04-03,第16版:星期天夜光杯/记忆
